Ward No.,Community/Public,Location of all the Public Toilets,"Status of the Toilet
(Constructed/Under Construction)","Unique ID of CT/PT
 (if th ULB says YES in the above question)","Landmark
(Nearest Residential Area/
Commercial Area)",Whether the PTU has been monitized?,Type of Monitization,ICT Feedback device (wall mounted) installed?,,,,,Located on Google Maps,"Whether IEC Messaging (Suresh Raina - Swachh Sauchalaya) of
 MoUD 2017 is avaiable at the CT/PT? "
1,Public,"Visharant Wadi, Pune, Maharashtra 411015, India",Constructed,PMC/001/PTB/001,"33/34 and 116/117, Kasturba B, Kasturba Housing Society, ",yes,user fee+CSR +grand fund,ICT Feedback system is in place,Yes,Yes,,,,
1,Public,"Road Number 15, Gokul Nagar, Dhanori, Pune, Maharashtra 411015, India",Constructed,PMC/001/PTB/003,"Road Number 15, Gokul Nagar, Dhanori, Pune, Maharashtra 411015, India",yes,user fee+CSR +grand fund,ICT Feedback system is in place,Yes,Yes,,,,
1,Public,"St Dnyaneshwar Road, Defence Research and Development Co-Operative Housing Society, Kalas, Pune, Maharashtra 411015, India",Constructed,PMC/001/PTB/005,"St Dnyaneshwar Road, Defence Research and Development Co-Operative Housing Society, Kalas, Pune, Maharashtra 411015, India",yes,user fee+CSR +grand fund,ICT Feedback system is in place,Yes,Yes,,,,
1,Public,"Plot No. 2, Dhanori Road, Gokul Nagar, Dhanori, Pune, Maharashtra 411015, India",Constructed,PMC/001/PTB/006,"Plot No. 2, Dhanori Road, Gokul Nagar, Dhanori, ",yes,user fee+CSR +grand fund,ICT Feedback system is in place,Yes,Yes,,,,
2,Public,"4A, Airport Road, White House Society, Blue Hill Society, Yerawada, Pune, Maharashtra 411006, India",Constructed,PMC/002/PTB/008,"4A, Airport Road, White House Society, Blue Hill Society, Yerawada, Pune, Maharashtra 411006, India",yes,user fee+CSR +grand fund,ICT Feedback system is in place,Yes,Yes,,,,
2,Public,"113/1, Vishrant Society, Visharant Wadi, Pune, Maharashtra 411015, India",Constructed,PMC/002/PTB/009,"113/1, Vishrant Society, Visharant Wadi, Pune, Maharashtra 411015, India",yes,user fee+CSR +grand fund,ICT Feedback system is in place,Yes,Yes,,,,
3,Public," Viman Nagar, Pune, Maharashtra 411014, India",Constructed,PMC/003/PTB/011," Viman Nagar, Pune, Maharashtra 411014, India",yes,user fee+CSR +grand fund,ICT Feedback system is in place,Yes,Yes,,,,
4,Public," Chandan Nagar, Pune, Maharashtra 411014, India",Constructed,PMC/004/PTB/012,"4, Kharadi Road, Mathura Nagar,",yes,user fee+CSR +grand fund,ICT Feedback system is in place,Yes,Yes,,,,
4,Public," Kharadi, Pune, Maharashtra 411014, India",Constructed,PMC/004/PTB/013,"135/34, Pune Nagar Road, Shree Park, Pune International Airport Area,",yes,user fee+CSR +grand fund,ICT Feedback system is in place,Yes,Yes,,,,
4,Public,"Plot No:5, Samrat Ashok Road, Chandan Nagar, Pune, Maharashtra 411014, India",Constructed,PMC/004/PTB/015,"Plot No:5, Samrat Ashok Road, Chandan Nagar, ",yes,user fee+CSR +grand fund,ICT Feedback system is in place,Yes,Yes,,,,
5,Public,"1, Sainath Nagar, Vadgaon Sheri, Pune, Maharashtra 411014, India",Constructed,PMC/004/PTB/016,"1, Sainath Nagar, Vadgaon Sheri, Pune, Maharashtra 411014, India",yes,user fee+CSR +grand fund,ICT Feedback system is in place,Yes,Yes,,,,
5,Public,"Vadgaon Sheri, Pune, Maharashtra 411014, India",Constructed,PMC/005/PTB/017,"Kalyani Nagar - Wadgaon Sheri Road, Prasad Nagar. ",yes,user fee+CSR +grand fund,ICT Feedback system is in place,Yes,Yes,,,,
5,Public," Kalyani Nagar, Pune, Maharashtra 411006, India",Constructed,PMC/005/PTB/018,"Vithalrao Vandekar Road, Nilanjali Society,",yes,user fee+CSR +grand fund,ICT Feedback system is in place,Yes,Yes,,,,
5,Public,"Vadgaon Sheri, Pune, Maharashtra 411014, India",Constructed,PMC/005/PTB/019,"Kalyani Nagar - Wadgaon Sheri Road, Sainikwadi, ",yes,user fee+CSR +grand fund,ICT Feedback system is in place,Yes,Yes,,,,
5,Public,"Flat 108, Sr no 211\3, Shradha, Nilanjali Society, Central Avenue, Prathamesh Society, Kalyani Nagar, Pune, Maharashtra 411006, India",Constructed,PMC/005/PTB/022,"Flat 108, Sr no 211\3, Shradha, Nilanjali Society, Central Avenue, Prathamesh Society, Kalyani Nagar, Pune, Maharashtra 411006, India",yes,user fee+CSR +grand fund,ICT Feedback system is in place,Yes,Yes,,,,
5,Public,"Kalyani Nagar - Wadgaon Sheri Road, Ramwadi, Vadgaon Sheri, Pune, Maharashtra 411014, India",Constructed,PMC/005/PTB/024,"Kalyani Nagar - Wadgaon Sheri Road, Ramwadi, Vadgaon Sheri, Pune, Maharashtra 411014, India",yes,user fee+CSR +grand fund,ICT Feedback system is in place,Yes,Yes,,,,
5,Public,"Shop No. 30/7, Pune Nagar Road, Ramwadi, Viman Nagar, Pune, Maharashtra 411014, India",Constructed,PMC/005/PTB/025,"Shop No. 30/7, Pune Nagar Road, Ramwadi, Viman Nagar, ",yes,user fee+CSR +grand fund,ICT Feedback system is in place,Yes,Yes,,,,
6,Public," Yerawada, Pune, Maharashtra 411006, India",Constructed,PMC/006/PTB/027,"1527, Dr Ambedkar Path, Ambedkar Society, Ashok Nagar",yes,user fee+CSR +grand fund,ICT Feedback system is in place,Yes,Yes,,,,
6,Public," Yerawada, Pune, Maharashtra 411006, India",Constructed,PMC/006/PTB/028,"523/0, Deccan College Road, Line Bazar,",yes,user fee+CSR +grand fund,ICT Feedback system is in place,Yes,Yes,,,,
6,Public," Yerawada, Pune, Maharashtra 411006, India",Constructed,PMC/006/PTB/029,"11, Ashok Nagar,",yes,user fee+CSR +grand fund,ICT Feedback system is in place,Yes,Yes,,,,
6,Public,"B/54, Airport Road, Kasturba A, Kasturba Housing Society, Visharant Wadi, Pune, Maharashtra 411006, India",Constructed,PMC/006/PTB/030,"B/54, Airport Road, Kasturba A, Kasturba Housing Society, Visharant Wadi, Pune, Maharashtra 411006, India",yes,user fee+CSR +grand fund,ICT Feedback system is in place,Yes,Yes,,,,
6,Public,"Pune - Ahmednagar Road, Mother Teresa Nagar, Kashmiri Colony, Yerawada, Pune, Maharashtra 411006, India",Constructed,PMC/006/PTB/031,"Pune - Ahmednagar Road, Mother Teresa Nagar, Kashmiri Colony, Yerawada, ",yes,user fee+CSR +grand fund,ICT Feedback system is in place,Yes,Yes,,,,
6,Public,"Swatantrya Sainik Nagar Road, Swatantrya Sainik Nagar, Yerawada, Pune, Maharashtra 411006, India",Constructed,PMC/006/PTB/034,"Swatantrya Sainik Nagar Road, Swatantrya Sainik Nagar, Yerawada, ",yes,user fee+CSR +grand fund,ICT Feedback system is in place,Yes,Yes,,,,
6,Public,"25, Samrat Ashok Road, Hermes Heritage Society Phase 1, Shastrinagar, Yerawada, Pune, Maharashtra 411006, India",Constructed,PMC/006/PTB/035,"25, Samrat Ashok Road, Hermes Heritage Society Phase 1, Shastrinagar, Yerawada, ",yes,user fee+CSR +grand fund,ICT Feedback system is in place,Yes,Yes,,,,
7,Public," Gokhalenagar, Pune, Maharashtra 411016, India",Constructed,PMC/007/PTB/036,"12, Jethiram Bhima Shelar Path,",yes,user fee+CSR +grand fund,ICT Feedback system is in place,Yes,Yes,,,,
7,Public," Sangamvadi, Pune, Maharashtra 411001, India",Constructed,PMC/007/PTB/037,"Shivaji Nagar Wakdewadi Road, Railway Officers Colony,",yes,user fee+CSR +grand fund,ICT Feedback system is in place,Yes,Yes,,,,
7,Public," Gokhalenagar, Pune, Maharashtra 411053, India",Constructed,PMC/007/PTB/038,"108/8/3, Senapati Bapat Road, Chaturshringi,",yes,user fee+CSR +grand fund,ICT Feedback system is in place,Yes,Yes,,,,
7,Public," Shivajinagar, Pune, Maharashtra 411005, India",Constructed,PMC/007/PTB/039,"24/4, Shivajinagar Railway Station Road, Narveer Tanaji Wadi,",yes,user fee+CSR +grand fund,ICT Feedback system is in place,Yes,Yes,,,,
7,Public,"Shivaji Nagar Wakdewadi Road, Railway Officers Colony, Sangamvadi, Pune, Maharashtra 411001, India",Constructed,PMC/007/PTB/040,"Shivaji Nagar Wakdewadi Road, Railway Officers Colony, Sangamvadi, Pune, Maharashtra 411001, India",yes,user fee+CSR +grand fund,ICT Feedback system is in place,Yes,Yes,,,,
7,Public,"15, Gokhalenagar, Pune, Maharashtra 411053, India",Constructed,PMC/007/PTB/041,"15, Gokhalenagar, Pune, Maharashtra 411053, India",yes,user fee+CSR +grand fund,ICT Feedback system is in place,Yes,Yes,,,,
7,Public,"Shivaji Nagar Wakdewadi Road, Sangamvadi, Pune, Maharashtra 411005, India",Constructed,PMC/007/PTB/042,"Shivaji Nagar Wakdewadi Road, Sangamvadi, Pune, Maharashtra 411005, India",yes,user fee+CSR +grand fund,ICT Feedback system is in place,Yes,Yes,,,,
7,Public,"1107, Ganeshkhind Road, Narveer Tanaji Wadi, Shivajinagar, Pune, Maharashtra 411005, India",Constructed,PMC/007/PTB/043,"1107, Ganeshkhind Road, Narveer Tanaji Wadi, Shivajinagar, Pune, Maharashtra 411005, India",yes,user fee+CSR +grand fund,ICT Feedback system is in place,Yes,Yes,,,,
7,Public,"Akshay Complex Road, Sangamvadi, Pune, Maharashtra 411001, India",Constructed,PMC/007/PTB/044,"Akshay Complex Road, Sangamvadi, Pune, Maharashtra 411001, India",yes,user fee+CSR +grand fund,ICT Feedback system is in place,Yes,Yes,,,,
7,Public,"Shivaji Nagar Wakdewadi Road, Sangamvadi, Pune, Maharashtra 411005, India",Constructed,PMC/007/PTB/045,"Shivaji Nagar Wakdewadi Road, Sangamvadi,",yes,user fee+CSR +grand fund,ICT Feedback system is in place,Yes,Yes,,,,
7,Public,"140b, Shivajinagar, Pune, Maharashtra 411005, India",Constructed,PMC/007/PTB/046,"140b, Shivajinagar, Pune, Maharashtra 411005, India",yes,user fee+CSR +grand fund,ICT Feedback system is in place,Yes,Yes,,,,
7,Public,"Pedestrian Overpass, Sangamvadi, Pune, Maharashtra 411001, India",Constructed,PMC/007/PTB/047,"Pedestrian Overpass, Sangamvadi,",yes,user fee+CSR +grand fund,ICT Feedback system is in place,Yes,Yes,,,,
7,Public,"71 WARD, Railway Officers Colony, Sangamvadi, Pune, Maharashtra 411001, India",Constructed,PMC/007/PTB/048,"71 WARD, Railway Officers Colony, Sangamvadi, Pune, Maharashtra 411001, India",yes,user fee+CSR +grand fund,ICT Feedback system is in place,Yes,Yes,,,,
7,Public,"B1, Ladkatwadi Road, Sangamvadi, Pune, Maharashtra 411001, India",Constructed,PMC/007/PTB/049,"B1, Ladkatwadi Road, Sangamvadi, Pune, Maharashtra 411001, India",yes,user fee+CSR +grand fund,ICT Feedback system is in place,Yes,Yes,,,,
7,Public,"4, Boat Club Road, Bund Garden, Sangamvadi, Pune, Maharashtra 411001, India",Constructed,PMC/007/PTB/050,"4, Boat Club Road, Bund Garden, Sangamvadi, Pune, Maharashtra 411001, India",yes,user fee+CSR +grand fund,ICT Feedback system is in place,Yes,Yes,,,,
8,Public," Aundh, Pune, Maharashtra 411027, India",Constructed,PMC/008/PTB/051,"151, Sangvi Kesri Road, Ward No. 8, Aundh Gaon,",yes,user fee+CSR +grand fund,ICT Feedback system is in place,Yes,Yes,,,,
8,Public,"5, Sangvi Kesri Road, Ward No. 8, Aundh, Pune, Maharashtra 411027, India",Constructed,PMC/008/PTB/052,"5, Sangvi Kesri Road, Ward No. 8, Aundh, Pune, Maharashtra 411027, India",yes,user fee+CSR +grand fund,ICT Feedback system is in place,Yes,Yes,,,,
8,Public," Aundh, Pune, Maharashtra 411007, India",Constructed,PMC/008/PTB/053," Aundh, Pune, Maharashtra 411007, India",yes,user fee+CSR +grand fund,ICT Feedback system is in place,Yes,Yes,,,,
10,Public," Kothrud, Pune, Maharashtra 411038, India",Constructed,PMC/010/PTB/054,"8 B, Paud Road, Lokmanya Colony,",yes,user fee+CSR +grand fund,ICT Feedback system is in place,Yes,Yes,,,,
10,Public,"B-1 A, Bharti Nagar, Kothrud, Pune, Maharashtra 411038, India",Constructed,PMC/010/PTB/055,"B-1 A, Bharti Nagar, Kothrud, Pune, Maharashtra 411038, India",yes,user fee+CSR +grand fund,ICT Feedback system is in place,Yes,Yes,,,,
10,Public,"B12, Chintamani Paradise, Kothrud, Pune, Maharashtra 411038, India",Constructed,PMC/010/PTB/056,"B12, Chintamani Paradise, Kothrud, Pune, Maharashtra 411038, India",yes,user fee+CSR +grand fund,ICT Feedback system is in place,Yes,Yes,,,,
10,Public,"Paud Road, Chandani Chowk, Kothrud, Pune, Maharashtra 411038, India",Constructed,PMC/010/PTB/057,"Paud Road, Chandani Chowk, Kothrud, Pune, Maharashtra 411038, India",yes,user fee+CSR +grand fund,ICT Feedback system is in place,Yes,Yes,,,,
11,Public," Kothrud, Pune, Maharashtra 411038, India",Constructed,PMC/011/PTB/058,"R-1/4, Paud Road, Kalewadi,",yes,user fee+CSR +grand fund,ICT Feedback system is in place,Yes,Yes,,,,
11,Public,", Erandwane, Pune, Maharashtra 411004, India",Constructed,PMC/011/PTB/059,"B/1, Krishna Nagar Housing Society, Erandwana Gaothan",yes,user fee+CSR +grand fund,ICT Feedback system is in place,Yes,Yes,,,,
11,Public,"1, Off Paud Phata Road, Pandurang Colony, Erandwane, Pune, Maharashtra 411004, India",Constructed,PMC/011/PTB/060,"1, Off Paud Phata Road, Pandurang Colony, Erandwane, ",yes,user fee+CSR +grand fund,ICT Feedback system is in place,Yes,Yes,,,,
11,Public,"Chavan Bridge, Ganjwe Wadi, Erandwane, Pune, Maharashtra 411030, India",Constructed,PMC/011/PTB/061,"Chavan Bridge, Ganjwe Wadi, Erandwane, ",yes,user fee+CSR +grand fund,ICT Feedback system is in place,Yes,Yes,,,,
12,Public,"775/8, Warje Malwadi Road, Mayur Colony, Kothrud, Pune, Maharashtra 411038, India",Constructed,PMC/012/PTB/062,"775/8, Warje Malwadi Road, Mayur Colony, Kothrud, ",yes,user fee+CSR +grand fund,ICT Feedback system is in place,Yes,Yes,,,,
13,Public," Erandwane, Pune, Maharashtra 411004, India",Constructed,PMC/013/PTB/063,"20/21 P 11, Vakil Nagar,",yes,user fee+CSR +grand fund,ICT Feedback system is in place,Yes,Yes,,,,
13,Public,"Jogging Track, Anurekha Society, Ganesh Nagar, Karve Nagar, Pune, Maharashtra 411052, India",Constructed,PMC/013/PTB/064,"Jogging Track, Anurekha Society, Ganesh Nagar, Karve Nagar, Pune, Maharashtra 411052, India",yes,user fee+CSR +grand fund,ICT Feedback system is in place,Yes,Yes,,,,
13,Public,"5, Himali Society, Vakil Nagar, Erandwane, Pune, Maharashtra 411004, India",Constructed,PMC/013/PTB/065,"5, Himali Society, Vakil Nagar, Erandwane, Pune, Maharashtra 411004, India",yes,user fee+CSR +grand fund,ICT Feedback system is in place,Yes,Yes,,,,
14,Public," Deccan Gymkhana, Pune, Maharashtra 411004, India",Constructed,PMC/014/PTB/066,"1, furgusan College Road,",yes,user fee+CSR +grand fund,ICT Feedback system is in place,Yes,Yes,,,,
14,Public," Deccan Gymkhana, Pune, Maharashtra 411004, India",Constructed,PMC/014/PTB/067,"659, Pulachi Wadi Road, Pulachi Wadi,",yes,user fee+CSR +grand fund,ICT Feedback system is in place,Yes,Yes,,,,
14,Public,"Gokhalenagar, Pune, Maharashtra 411053, India",Constructed,PMC/014/PTB/068,,yes,user fee+CSR +grand fund,ICT Feedback system is in place,Yes,Yes,,,,
14,Public,"917/23 A, Bmcc Road, Deccan Gymkhana, Pune, Maharashtra 411004, India",Constructed,PMC/014/PTB/069,"917/23 A, Bmcc Road, Deccan Gymkhana, Pune, Maharashtra 411004, India",yes,user fee+CSR +grand fund,ICT Feedback system is in place,Yes,Yes,,,,
14,Public,"63, Shivaji Co operative Housing Society, Bhageerath, Gokhalenagar, Pune, Maharashtra 411053, India",Constructed,PMC/014/PTB/070,"63, Shivaji Co operative Housing Society, Bhageerath, Gokhalenagar, Pune, Maharashtra 411053, India",yes,user fee+CSR +grand fund,ICT Feedback system is in place,Yes,Yes,,,,
14,Public,"1062, Pulachi Wadi, Sadashiv Peth, Pune, Maharashtra 411030, India",Constructed,PMC/014/PTB/071,"1062, Pulachi Wadi, Sadashiv Peth, Pune, Maharashtra 411030, India",yes,user fee+CSR +grand fund,ICT Feedback system is in place,Yes,Yes,,,,
14,Public,"569, Congress House Road, Shivajinagar, Pune, Maharashtra 411005, India",Constructed,PMC/014/PTB/072,"569, Congress House Road, Shivajinagar, Pune, Maharashtra 411005, India",yes,user fee+CSR +grand fund,ICT Feedback system is in place,Yes,Yes,,,,
14,Public,"773/A, Deccan Gymkhana, Pune, Maharashtra 411004, India",Constructed,PMC/014/PTB/073,"773/A, Deccan Gymkhana, Pune, Maharashtra 411004, India",yes,user fee+CSR +grand fund,ICT Feedback system is in place,Yes,Yes,,,,
14,Public,"Gadgil Bridge, Pulachi Wadi, Shivajinagar, Pune, Maharashtra 411004, India",Constructed,PMC/014/PTB/074,"Gadgil Bridge, Pulachi Wadi, Shivajinagar, Pune, Maharashtra 411004, India",yes,user fee+CSR +grand fund,ICT Feedback system is in place,Yes,Yes,,,,
14,Public,"1206, Jangali Maharaj Road, Shivajinagar, Pune, Maharashtra 411004, India",Constructed,PMC/014/PTB/075,"1206, Jangali Maharaj Road, Shivajinagar, Pune, Maharashtra 411004, India",yes,user fee+CSR +grand fund,ICT Feedback system is in place,Yes,Yes,,,,
14,Public,"MH SH 114, Narveer Tanaji Wadi, Shivajinagar, Pune, Maharashtra 411005, India",Constructed,PMC/014/PTB/076,"MH SH 114, Narveer Tanaji Wadi, Shivajinagar, ",yes,user fee+CSR +grand fund,ICT Feedback system is in place,Yes,Yes,,,,
14,Public,"Ashwini Society Road, Corporation Colony, Shivajinagar, Pune, Maharashtra 411005, India",Constructed,PMC/014/PTB/077,"Ashwini Society Road, Corporation Colony, Shivajinagar, Pune, Maharashtra 411005, India",yes,user fee+CSR +grand fund,ICT Feedback system is in place,Yes,Yes,,,,
15,Public," Sadashiv Peth, Pune, Maharashtra 411030, India",Constructed,PMC/015/PTB/078,"Chhatrapati Sambhaji Maharaj Road, Pantancha Goat",yes,user fee+CSR +grand fund,ICT Feedback system is in place,Yes,Yes,,,,
15,Public,"Sadashiv Peth, Pune, Maharashtra 411030, India",Constructed,PMC/015/PTB/079,"1071/70, Vedacharya Pathak Guruji Road, Perugate, ",yes,user fee+CSR +grand fund,ICT Feedback system is in place,Yes,Yes,,,,
15,Public," Shaniwar Peth, Pune, Maharashtra 411030, India",Constructed,PMC/015/PTB/080,"264/1, Chandrashekhar Agashe Path,",yes,user fee+CSR +grand fund,ICT Feedback system is in place,Yes,Yes,,,,
15,Public," Sadashiv Peth, Pune, Maharashtra 411002, India",Constructed,PMC/015/PTB/081,"1117, Shivaji Road, Subhash Nagar,",yes,user fee+CSR +grand fund,ICT Feedback system is in place,Yes,Yes,,,,
15,Public," Sadashiv Peth, Pune, Maharashtra 411030, India",Constructed,PMC/015/PTB/082,"5, Ashok Balakwade Path, Navi Peth,",yes,user fee+CSR +grand fund,ICT Feedback system is in place,Yes,Yes,,,,
15,Public,"3, Shukrawar Peth - Mahatma Gandhi Road, Shukrawar Peth, Pune, Maharashtra 411002, India",Constructed,PMC/015/PTB/083,"3, Shukrawar Peth - Mahatma Gandhi Road, Shukrawar Peth, Pune, Maharashtra 411002, India",yes,user fee+CSR +grand fund,ICT Feedback system is in place,Yes,Yes,,,,
15,Public,"Laxmi Nagar Road, Dandekar Pool, Municipal Colony, Pune, Maharashtra 411030, India",Constructed,PMC/015/PTB/084,"Laxmi Nagar Road, Dandekar Pool, Municipal Colony, Pune, Maharashtra 411030, India",yes,user fee+CSR +grand fund,ICT Feedback system is in place,Yes,Yes,,,,
15,Public,"305, Madhukar Chimanrav Potnis Road, Sathe Colony, Shukrawar Peth, Pune, Maharashtra 411002, India",Constructed,PMC/015/PTB/085,"305, Madhukar Chimanrav Potnis Road, Sathe Colony, Shukrawar Peth,",yes,user fee+CSR +grand fund,ICT Feedback system is in place,Yes,Yes,,,,
15,Public,"Baba Bhide Bridge, Pulachi Wadi, Narayan Peth, Pune, Maharashtra 411004, India",Constructed,PMC/015/PTB/086,"Baba Bhide Bridge, Pulachi Wadi, Narayan Peth, ",yes,user fee+CSR +grand fund,ICT Feedback system is in place,Yes,Yes,,,,
15,Public,"82, Tulshibaug, Budhwar Peth, Pune, Maharashtra 411002, India",Constructed,PMC/015/PTB/087,"82, Tulshibaug, Budhwar Peth, Pune, Maharashtra 411002, India",yes,user fee+CSR +grand fund,ICT Feedback system is in place,Yes,Yes,,,,
15,Public,"2164/5, Venkoji Shinde Road, Vijayanagar Colony, Municipal Colony, Pune, Maharashtra 411030, India",Constructed,PMC/015/PTB/088,"2164/5, Venkoji Shinde Road, Vijayanagar Colony, Municipal Colony, ",yes,user fee+CSR +grand fund,ICT Feedback system is in place,Yes,Yes,,,,
16,Public," Rasta Peth, Pune, Maharashtra 411011, India",Constructed,PMC/016/PTB/089,"1245, Mudaliar Road,",yes,user fee+CSR +grand fund,ICT Feedback system is in place,Yes,Yes,,,,
16,Public," Kasba Peth, Pune, Maharashtra 411011, India",Constructed,PMC/016/PTB/090,"Veer Santaji Ghorpade Road,",yes,user fee+CSR +grand fund,ICT Feedback system is in place,Yes,Yes,,,,
16,Public," Kasba Peth, Pune, Maharashtra 411011, India",Constructed,PMC/016/PTB/091,"283, Yashodatta Housing Society,",yes,user fee+CSR +grand fund,ICT Feedback system is in place,Yes,Yes,,,,
16,Public,"1, Gadge Maharaj Path, Somwar Peth, Pune, Maharashtra 411011, India",Constructed,PMC/016/PTB/092,"1, Gadge Maharaj Path, Somwar Peth, Pune, Maharashtra 411011, India",yes,user fee+CSR +grand fund,ICT Feedback system is in place,Yes,Yes,,,,
16,Public,"180, Shivaji Road, Dattavadi, Shobhapur, Kasba Peth, Pune, Maharashtra 411011, India",Constructed,PMC/016/PTB/093,"180, Shivaji Road, Dattavadi, Shobhapur, Kasba Peth, ",yes,user fee+CSR +grand fund,ICT Feedback system is in place,Yes,Yes,,,,
16,Public,"Veer Santaji Ghorpade Road, Adarsh Indira Nagar, Juna Bazar, Kasba Peth, Pune, Maharashtra 411011, India",Constructed,PMC/016/PTB/094,"Veer Santaji Ghorpade Road, Adarsh Indira Nagar, Juna Bazar, Kasba Peth, ",yes,user fee+CSR +grand fund,ICT Feedback system is in place,Yes,Yes,,,,
16,Public,"1013, Veer Santaji Ghorpade Road, Kasba Peth, Pune, Maharashtra 411011, India",Constructed,PMC/016/PTB/095,"1013, Veer Santaji Ghorpade Road, Kasba Peth, ",yes,user fee+CSR +grand fund,ICT Feedback system is in place,Yes,Yes,,,,
17,Public," Katad Khana, Pune, Maharashtra 411042, India",Constructed,PMC/017/PTB/096,"13/375, Raut Road, Chitragupt Colony, Shanti Nagar Society,",yes,user fee+CSR +grand fund,ICT Feedback system is in place,Yes,Yes,,,,
17,Public,"537, Rabibar Peth, Pune, Maharashtra 411002, India",Constructed,PMC/017/PTB/097,"537, Rabibar Peth, Pune, Maharashtra 411002, India",yes,user fee+CSR +grand fund,ICT Feedback system is in place,Yes,Yes,,,,
17,Public,"768, Mirza Galib Road, Rabibar Peth, Pune, Maharashtra 411002, India",Constructed,PMC/017/PTB/098,"768, Mirza Galib Road, Rabibar Peth, Pune, Maharashtra 411002, India",yes,user fee+CSR +grand fund,ICT Feedback system is in place,Yes,Yes,,,,
17,Public,"11, New Timber Market, Ganj Peth, Pune, Maharashtra 411002, India",Constructed,PMC/017/PTB/099,"11, New Timber Market, Ganj Peth, Pune, Maharashtra 411002, India",yes,user fee+CSR +grand fund,ICT Feedback system is in place,Yes,Yes,,,,
17,Public,"443, Raut Road, Harka Nagar, Kalewadi, Pune, Maharashtra 411042, India",Constructed,PMC/017/PTB/100,"443, Raut Road, Harka Nagar, Kalewadi, Pune, Maharashtra 411042, India",yes,user fee+CSR +grand fund,ICT Feedback system is in place,Yes,Yes,,,,
17,Public,"419, Kenjale Chowk Road, Budhwar Peth, Pune, Maharashtra 411002, India",Constructed,PMC/017/PTB/101,"419, Kenjale Chowk Road, Budhwar Peth, Pune, Maharashtra 411002, India",yes,user fee+CSR +grand fund,ICT Feedback system is in place,Yes,Yes,,,,
17,Public,"1271, Phalke Road, Badade wada, New Nana Peth, Ganesh Peth, Pune, Maharashtra 411002, India",Constructed,PMC/017/PTB/102,"1271, Phalke Road, Badade wada, New Nana Peth, Ganesh Peth, Pune, Maharashtra 411002, India",yes,user fee+CSR +grand fund,ICT Feedback system is in place,Yes,Yes,,,,
18,Public," Ganj Peth, Pune, Maharashtra 411002, India",Constructed,PMC/018/PTB/103,"Savitribai Fule Road,",yes,user fee+CSR +grand fund,ICT Feedback system is in place,Yes,Yes,,,,
18,Public,"556, Maharana Pratap Road, Ganesh Peth, Pune, Maharashtra 411002, India",Constructed,PMC/018/PTB/104,"556, Maharana Pratap Road, Ganesh Peth, Pune, Maharashtra 411002, India",yes,user fee+CSR +grand fund,ICT Feedback system is in place,Yes,Yes,,,,
18,Public,"306, Savitribai Phule Road, Ghorpade Peth, Ganj Peth, Pune, Maharashtra 411042, India",Constructed,PMC/018/PTB/105,"306, Savitribai Phule Road, Ghorpade Peth, Ganj Peth, ",yes,user fee+CSR +grand fund,ICT Feedback system is in place,Yes,Yes,,,,
18,Public,"270/C, Jawaharlal Nehru Road, Mahatma Phule Peth, Kalewadi, Pune, Maharashtra 411042, India",Constructed,PMC/018/PTB/106,"270/C, Jawaharlal Nehru Road, Mahatma Phule Peth, Kalewadi, Pune, Maharashtra 411042, India",yes,user fee+CSR +grand fund,ICT Feedback system is in place,Yes,Yes,,,,
18,Public,"RB-IV A, Shankar Sheth Road, Swargate, Pune, Maharashtra 411037, India",Constructed,PMC/018/PTB/107,"RB-IV A, Shankar Sheth Road, Swargate, Pune, Maharashtra 411037, India",yes,user fee+CSR +grand fund,ICT Feedback system is in place,Yes,Yes,,,,
18,Public,"1, Shankar Sheth Road, Swargate, Pune, Maharashtra 411037, India",Constructed,PMC/018/PTB/108,"1, Shankar Sheth Road, Swargate, Pune, Maharashtra 411037, India",yes,user fee+CSR +grand fund,ICT Feedback system is in place,Yes,Yes,,,,
19,Public," Ganj Peth, Pune, Maharashtra 411042, India",Constructed,PMC/019/PTB/109,"Krantiveer Slave Path,",yes,user fee+CSR +grand fund,ICT Feedback system is in place,Yes,Yes,,,,
19,Public,"Bhawani Peth, Pune, Maharashtra 411042, India",Constructed,PMC/019/PTB/110,"300, Kanhayalal Sanghvi Path",yes,user fee+CSR +grand fund,ICT Feedback system is in place,Yes,Yes,,,,
19,Public," Katad Khana, Pune, Maharashtra 411042, India",Constructed,PMC/019/PTB/111,"708/49, Guru Nanak Nagar, Shanti Nagar Society,",yes,user fee+CSR +grand fund,ICT Feedback system is in place,Yes,Yes,,,,
19,Public,"Ganj Peth, Pune, Maharashtra 411042, India",Constructed,PMC/019/PTB/112,"Lohiya Nagar Road, Lohiya Nagar, New Timber Market, ",yes,user fee+CSR +grand fund,ICT Feedback system is in place,Yes,Yes,,,,
19,Public,"D2, Mamunji Colony, Bhawani Peth, Pune, Maharashtra 411042, India",Constructed,PMC/019/PTB/113,"D2, Mamunji Colony, Bhawani Peth, Pune, Maharashtra 411042, India",yes,user fee+CSR +grand fund,ICT Feedback system is in place,Yes,Yes,,,,
20,Public," Bhawani Peth, Pune, Maharashtra 411042, India",Constructed,PMC/020/PTB/114,"374, Padamjee Road.",yes,user fee+CSR +grand fund,ICT Feedback system is in place,Yes,Yes,,,,
20,Public," Ganesh Peth, Pune, Maharashtra 411002, India",Constructed,PMC/020/PTB/115,"5, Bodkewadi, New Nana Peth",yes,user fee+CSR +grand fund,ICT Feedback system is in place,Yes,Yes,,,,
20,Public," Sangamvadi, Pune, Maharashtra 411001, India",Constructed,PMC/020/PTB/116,"12, Tadiwala Road, Lumbini Nagar",yes,user fee+CSR +grand fund,ICT Feedback system is in place,Yes,Yes,,,,
20,Public," Agarkar Nagar, Pune, Maharashtra 411001, India",Constructed,PMC/020/PTB/117,"16, Connaught Road",yes,user fee+CSR +grand fund,ICT Feedback system is in place,Yes,Yes,,,,
20,Public,"14, Sadhu Vaswani Road, Agarkar Nagar, Pune, Maharashtra 411001, India",Constructed,PMC/020/PTB/118,"14, Sadhu Vaswani Road, Agarkar Nagar, Pune, Maharashtra 411001, India",yes,user fee+CSR +grand fund,ICT Feedback system is in place,Yes,Yes,,,,
20,Public,"3, Pandita Ramabai Rasta, New Nana Peth, Sadar Bazaar, Pune, Maharashtra 411001, India",Constructed,PMC/020/PTB/119,"3, Pandita Ramabai Rasta, New Nana Peth, Sadar Bazaar, Pune, Maharashtra 411001, India",yes,user fee+CSR +grand fund,ICT Feedback system is in place,Yes,Yes,,,,
21,Public," Sangamvadi, Pune, Maharashtra 411001, India",Constructed,PMC/021/PTB/120,"Chatrapati Shahu Maharaj Road,",yes,user fee+CSR +grand fund,ICT Feedback system is in place,Yes,Yes,,,,
21,Public," Ghorpuri, Pune, Maharashtra 411036, India",Constructed,PMC/021/PTB/121,"Bfc Road,",yes,user fee+CSR +grand fund,ICT Feedback system is in place,Yes,Yes,,,,
21,Public," Ghorpuri, Pune, Maharashtra 411001, India",Constructed,PMC/021/PTB/122,"16, BT Kawade Road, Palmgrove Society, Uday Baug,",yes,user fee+CSR +grand fund,ICT Feedback system is in place,Yes,Yes,,,,
21,Public,"Akluj - Phule Nagar Road, Ragvilas Society, Koregaon Park, Pune, Maharashtra 411001, India",Constructed,PMC/021/PTB/123,"Akluj - Phule Nagar Road, Ragvilas Society, Koregaon Park, Pune, Maharashtra 411001, India",yes,user fee+CSR +grand fund,ICT Feedback system is in place,Yes,Yes,,,,
21,Public,"1/2, Lane Number 6, Liberty Phase 2, Ragvilas Society, Koregaon Park, Pune, Maharashtra 411001, India",Constructed,PMC/021/PTB/124,"1/2, Lane Number 6, Liberty Phase 2, Ragvilas Society, Koregaon Park, Pune, Maharashtra 411001, India",yes,user fee+CSR +grand fund,ICT Feedback system is in place,Yes,Yes,,,,
21,Public,"4, Mundhwa Road, Spring Blossom Society, Pingale Wasti, Koregaon Park Annexe, Mundhwa, Pune, Maharashtra 411036, India",Constructed,PMC/021/PTB/125,"4, Mundhwa Road, Spring Blossom Society, Pingale Wasti, Koregaon Park Annexe, Mundhwa, Pune, Maharashtra 411036, India",yes,user fee+CSR +grand fund,ICT Feedback system is in place,Yes,Yes,,,,
21,Public,"Saswad Road, Ramtekdi Industrial Area, Hadapsar, Pune, Maharashtra 411040, India",Constructed,PMC/021/PTB/126,"Saswad Road, Ramtekdi Industrial Area, Hadapsar, Pune, Maharashtra 411040, India",yes,user fee+CSR +grand fund,ICT Feedback system is in place,Yes,Yes,,,,
21,Public,"Bfc Road, Shravasti Nagar, Ghorpuri, Pune, Maharashtra 411001, India",Constructed,PMC/021/PTB/127,"Bfc Road, Shravasti Nagar, Ghorpuri, Pune, Maharashtra 411001, India",yes,user fee+CSR +grand fund,ICT Feedback system is in place,Yes,Yes,,,,
21,Public,"14, D Lane, Damco Society, Ragvilas Society, Koregaon Park, Pune, Maharashtra 411001, India",Constructed,PMC/021/PTB/128,"14, D Lane, Damco Society, Ragvilas Society, Koregaon Park, Pune, Maharashtra 411001, India",yes,user fee+CSR +grand fund,ICT Feedback system is in place,Yes,Yes,,,,
21,Public,"Akluj - Phule Nagar Road, Ragvilas Society, Koregaon Park, Pune, Maharashtra 411001, India",Constructed,PMC/021/PTB/129,"Akluj - Phule Nagar Road, Ragvilas Society, Koregaon Park, ",yes,user fee+CSR +grand fund,ICT Feedback system is in place,Yes,Yes,,,,
21,Public,"E3, Mundhwa Road, Fatima Nagar, Pingale Wasti, Koregaon Park Annexe, Mundhwa, Pune, Maharashtra 411036, India",Constructed,PMC/021/PTB/130,"E3, Mundhwa Road, Fatima Nagar, Pingale Wasti, Koregaon Park Annexe, Mundhwa, Pune, Maharashtra 411036, India",yes,user fee+CSR +grand fund,ICT Feedback system is in place,Yes,Yes,,,,
22,Public," Mundhwa, Pune, Maharashtra 411036, India",Constructed,PMC/022/PTB/131,"39, Florida Estate Road, badhe vasti",yes,user fee+CSR +grand fund,ICT Feedback system is in place,Yes,Yes,,,,
22,Public,"13/14, Pune - Solapur Road, Malwadi, Hadapsar, Pune, Maharashtra 411028, India",Constructed,PMC/022/PTB/132,"13/14, Pune - Solapur Road, Malwadi, Hadapsar, Pune, Maharashtra 411028, India",yes,user fee+CSR +grand fund,ICT Feedback system is in place,Yes,Yes,,,,
22,Public,"110, Magarpatta Road, North Hadapsar, Hadapsar, Pune, Maharashtra 411028, India",Constructed,PMC/022/PTB/133,"110, Magarpatta Road, North Hadapsar, Hadapsar, Pune, Maharashtra 411028, India",yes,user fee+CSR +grand fund,ICT Feedback system is in place,Yes,Yes,,,,
22,Public,"20, Nh 9, Lohiya Nagar, Laxmi Vihar, Hadapsar, Pune, Maharashtra 411028, India",Constructed,PMC/022/PTB/134,"20, Nh 9, Lohiya Nagar, Laxmi Vihar, Hadapsar, ",yes,user fee+CSR +grand fund,ICT Feedback system is in place,Yes,Yes,,,,
23,Public," Hadapsar, Pune, Maharashtra 411028, India",Constructed,PMC/023/PTB/135,"102, Hadapsar - Saswad - Jejuri Road, Hadapsar Gaon,",yes,user fee+CSR +grand fund,ICT Feedback system is in place,Yes,Yes,,,,
23,Public,"9, Mantri Market Road, Hadapsar Gaon, Hadapsar, Pune, Maharashtra 411028, India",Constructed,PMC/023/PTB/136,"9, Mantri Market Road, Hadapsar Gaon, Hadapsar, Pune, Maharashtra 411028, India",yes,user fee+CSR +grand fund,ICT Feedback system is in place,Yes,Yes,,,,
23,Public,"1, Solapur - Pune Hwy, Gadital, Malwadi, Hadapsar, Pune, Maharashtra 411028, India",Constructed,PMC/023/PTB/137,"1, Solapur - Pune Hwy, Gadital, Malwadi, Hadapsar, Pune, Maharashtra 411028, India",yes,user fee+CSR +grand fund,ICT Feedback system is in place,Yes,Yes,,,,
23,Public,"3, Pandharpur Road, Nataraj Colony, Gokhalenagar, Satavwadi, Hadapsar, Pune, Maharashtra 411028, India",Constructed,PMC/023/PTB/138,"3, Pandharpur Road, Nataraj Colony, Gokhalenagar, Satavwadi, Hadapsar, Pune, Maharashtra 411028, India",yes,user fee+CSR +grand fund,ICT Feedback system is in place,Yes,Yes,,,,
23,Public,"RH 100, Solapur - Pune Hwy, Hadapsar, Pune, Maharashtra 412307, India",Constructed,PMC/023/PTB/139,"RH 100, Solapur - Pune Hwy, Hadapsar, Pune, Maharashtra 412307, India",yes,user fee+CSR +grand fund,ICT Feedback system is in place,Yes,Yes,,,,
25,Public," Kondhwa, Pune, Maharashtra 411040, India",Constructed,PMC/025/PTB/140,"C1/18, Heaven Hills Co Operativ Society,",yes,user fee+CSR +grand fund,ICT Feedback system is in place,Yes,Yes,,,,
25,Public," Kondhwa, Pune, Maharashtra 411048, India",Constructed,PMC/025/PTB/141,"NIBM Galli Number 2, Kausar Baugh,",yes,user fee+CSR +grand fund,ICT Feedback system is in place,Yes,Yes,,,,
25,Public," Wanwadi, Pune, Maharashtra 411040, India",Constructed,PMC/025/PTB/142,"Wanwadi Bazar Road,",yes,user fee+CSR +grand fund,ICT Feedback system is in place,Yes,Yes,,,,
25,Public," Kondhwa, Pune, Maharashtra 411048, India",Constructed,PMC/025/PTB/143,"9a, Salunke Vihar Road,",yes,user fee+CSR +grand fund,ICT Feedback system is in place,Yes,Yes,,,,
25,Public,"Firdaus, 1, Ground Floor, Vitthal Rao Shivarkar Road, Parmar Nagar, Wanwadi, Pune, Maharashtra 411040, India",Constructed,PMC/025/PTB/144,"Firdaus, 1, Ground Floor, Vitthal Rao Shivarkar Road, Parmar Nagar, Wanwadi, Pune, Maharashtra 411040, India",yes,user fee+CSR +grand fund,ICT Feedback system is in place,Yes,Yes,,,,
25,Public,"Bhagyoday Nagar Road, Bhagyoday Nagar, Badhan Nagar, Kondhwa, Pune, Maharashtra 411048, India",Constructed,PMC/025/PTB/145,"Bhagyoday Nagar Road, Bhagyoday Nagar, Badhan Nagar, Kondhwa, Pune, Maharashtra 411048, India",yes,user fee+CSR +grand fund,ICT Feedback system is in place,Yes,Yes,,,,
25,Public,"Kondhwa Budruk Village Road, Ambedkar Nagar, Kondhwa, Pune, Maharashtra 411048, India",Constructed,PMC/025/PTB/146,"Kondhwa Budruk Village Road, Ambedkar Nagar, Kondhwa, Pune, Maharashtra 411048, India",yes,user fee+CSR +grand fund,ICT Feedback system is in place,Yes,Yes,,,,
25,Public,"S.N. 51/2, St Shiromani N Maharaja Path, SRPF, Wanowrie, Pune, Maharashtra 411040, India",Constructed,PMC/025/PTB/147,"S.N. 51/2, St Shiromani N Maharaja Path, SRPF, Wanowrie, Pune, Maharashtra 411040, India",yes,user fee+CSR +grand fund,ICT Feedback system is in place,Yes,Yes,,,,
25,Public,"87, Salunke Vihar Road, Borade Nagar, Wanowrie, Pune, Maharashtra 411040, India",Constructed,PMC/025/PTB/148,"87, Salunke Vihar Road, Borade Nagar, Wanowrie, Pune, Maharashtra 411040, India",yes,user fee+CSR +grand fund,ICT Feedback system is in place,Yes,Yes,,,,
25,Public,"S.N. 51/2, St Shiromani N Maharaja Path, SRPF, Wanowrie, Pune, Maharashtra 411040, India",Constructed,PMC/025/PTB/149,"S.N. 51/2, St Shiromani N Maharaja Path, SRPF, Wanowrie, Pune, Maharashtra 411040, India",yes,user fee+CSR +grand fund,ICT Feedback system is in place,Yes,Yes,,,,
25,Public,"20, Salunke Vihar Road, Clover Village, Wanawadi, Pune, Maharashtra 411040, India",Constructed,PMC/025/PTB/150,"20, Salunke Vihar Road, Clover Village, Wanawadi, Pune, Maharashtra 411040, India",yes,user fee+CSR +grand fund,ICT Feedback system is in place,Yes,Yes,,,,
26,Public," Kondhwa, Pune, Maharashtra 411048, India",Constructed,PMC/026/PTB/151,"47, NIBM Galli Number 2, Kausar Baugh,",yes,user fee+CSR +grand fund,ICT Feedback system is in place,Yes,Yes,,,,
26,Public,"3, Kondhwa Road, Kausar Baugh, Kondhwa, Pune, Maharashtra 411048, India",Constructed,PMC/026/PTB/152,"3, Kondhwa Road, Kausar Baugh, Kondhwa, ",yes,user fee+CSR +grand fund,ICT Feedback system is in place,Yes,Yes,,,,
26,Public,"87-88/2, Katraj-Hadapsar Bypass Road, Sai Colony, Hadapsar, Pune, Maharashtra 411028, India",Constructed,PMC/026/PTB/153,"87-88/2, Katraj-Hadapsar Bypass Road, Sai Colony, Hadapsar, Pune, Maharashtra 411028, India",yes,user fee+CSR +grand fund,ICT Feedback system is in place,Yes,Yes,,,,
26,Public,"St Shiromani N Maharaja Path, Wanawadi Gaon, Wanwadi, Pune, Maharashtra 411040, India",Constructed,PMC/026/PTB/154,"St Shiromani N Maharaja Path, Wanawadi Gaon, Wanwadi, Pune, Maharashtra 411040, India",yes,user fee+CSR +grand fund,ICT Feedback system is in place,Yes,Yes,,,,
26,Public,"63/1/2, Kondhwa Budruk, Pune, Maharashtra 411048, India",Constructed,PMC/026/PTB/155,"63/1/2, Kondhwa Budruk, Pune, Maharashtra 411048, India",yes,user fee+CSR +grand fund,ICT Feedback system is in place,Yes,Yes,,,,
26,Public,"65-A, Clover Village, Wanowrie, Pune, Maharashtra 411040, India",Constructed,PMC/026/PTB/156,"65-A, Clover Village, Wanowrie, Pune, Maharashtra 411040, India",yes,user fee+CSR +grand fund,ICT Feedback system is in place,Yes,Yes,,,,
26,Public,"14, Wanwadi, Pune, Maharashtra 411040, India",Constructed,PMC/026/PTB/157,"14, Wanwadi, Pune, Maharashtra 411040, India",yes,user fee+CSR +grand fund,ICT Feedback system is in place,Yes,Yes,,,,
26,Public,"7, Salunke Vihar Road, Salunkhe Vihar, Salunkhe Vihar Society, Kondhwa, Pune, Maharashtra 411048, India",Constructed,PMC/026/PTB/158,"7, Salunke Vihar Road, Salunkhe Vihar, Salunkhe Vihar Society, Kondhwa, Pune, Maharashtra 411048, India",yes,user fee+CSR +grand fund,ICT Feedback system is in place,Yes,Yes,,,,
26,Public,"Kondhwa Budruk Village Road, Ambedkar Nagar, Kondhwa, Pune, Maharashtra 411048, India",Constructed,PMC/026/PTB/159,"Kondhwa Budruk Village Road, Ambedkar Nagar, Kondhwa,",yes,user fee+CSR +grand fund,ICT Feedback system is in place,Yes,Yes,,,,
26,Public," Kondhwa Budruk, Pune, Maharashtra 411046, India",Constructed,PMC/026/PTB/160," Kondhwa Budruk, Pune, Maharashtra 411046, India",yes,user fee+CSR +grand fund,ICT Feedback system is in place,Yes,Yes,,,,
27,Public,"Hadapsar, Pune, Maharashtra 411040, India",Constructed,PMC/027/PTB/161,"Saswad Road, Ramtekdi Industrial Area, ",yes,user fee+CSR +grand fund,ICT Feedback system is in place,Yes,Yes,,,,
27,Public,"Katraj, Pune, Maharashtra 411046, India",Constructed,PMC/027/PTB/162,"29/3/2, Katraj - Kondhwa Road, Bibwewadi Annex, Rajas Society, ",yes,user fee+CSR +grand fund,ICT Feedback system is in place,Yes,Yes,,,,
27,Public,"Katraj, Pune, Maharashtra 411046, India",Constructed,PMC/027/PTB/163,"Plot No. 15, Katraj - Kondhwa Road, Rajas Society, ",yes,user fee+CSR +grand fund,ICT Feedback system is in place,Yes,Yes,,,,
27,Public,"Vasantrao Jadhav Road, AWHO Hadapsar Colony, Fursungi, Pune, Maharashtra 411028, India",Constructed,PMC/027/PTB/164,"Vasantrao Jadhav Road, AWHO Hadapsar Colony, ",yes,user fee+CSR +grand fund,ICT Feedback system is in place,Yes,Yes,,,,
27,Public,"46, Unity Park Road, Metha Nagar, Kondhwa, Pune, Maharashtra 411048, India",Constructed,PMC/027/PTB/165,"46, Unity Park Road, Metha Nagar, Kondhwa, ",yes,user fee+CSR +grand fund,ICT Feedback system is in place,Yes,Yes,,,,
28,Public," Camp, Pune, Maharashtra 411037, India",Constructed,PMC/028/PTB/166,"NP 50, CTC Road, Salisbury Park,",yes,user fee+CSR +grand fund,ICT Feedback system is in place,Yes,Yes,,,,
28,Public,", Swargate, Pune, Maharashtra 411037, India",Constructed,PMC/028/PTB/167,"2, Shankar Sheth Road",yes,user fee+CSR +grand fund,ICT Feedback system is in place,Yes,Yes,,,,
28,Public,"65/G/46, SAU Minatai Thakre Vasahat Road, T.M.V. Colony, Gultekdi, Pune, Maharashtra 411037, India",Constructed,PMC/028/PTB/168,"65/G/46, SAU Minatai Thakre Vasahat Road, T.M.V. Colony, ",yes,user fee+CSR +grand fund,ICT Feedback system is in place,Yes,Yes,,,,
28,Public,"8, Akluj - Phule Nagar Road, Vasani Nagar, Koregaon Park, Pune, Maharashtra 411001, India",Constructed,PMC/028/PTB/169,"8, Akluj - Phule Nagar Road, Vasani Nagar, Koregaon Park,",yes,user fee+CSR +grand fund,ICT Feedback system is in place,Yes,Yes,,,,
28,Public,"430/A, Shankar Rao Lohane Marg, P and T Colony, Gultekdi, Pune, Maharashtra 411037, India",Constructed,PMC/028/PTB/170,"430/A, Shankar Rao Lohane Marg, P and T Colony, Gultekdi, Pune, Maharashtra 411037, India",yes,user fee+CSR +grand fund,ICT Feedback system is in place,Yes,Yes,,,,
28,Public,"Gidney Park Road, Salisbury Park, Bibvewadi, Pune, Maharashtra 411037, India",Constructed,PMC/028/PTB/171,"Gidney Park Road, Salisbury Park, Bibvewadi, Pune, Maharashtra 411037, India",yes,user fee+CSR +grand fund,ICT Feedback system is in place,Yes,Yes,,,,
29,Public," Sadashiv Peth, Pune, Maharashtra 411030, India",Constructed,PMC/029/PTB/172,"31, Oval Path, Rajendra Nagar, Navi Peth,",yes,user fee+CSR +grand fund,ICT Feedback system is in place,Yes,Yes,,,,
29,Public," Parvati Paitha, Pune, Maharashtra 411009, India",Constructed,PMC/029/PTB/173,"H15, Laxmi Nagar,",yes,user fee+CSR +grand fund,ICT Feedback system is in place,Yes,Yes,,,,
29,Public,"Plot No. 545, Narveer Tanaji Malusare Road, Sarita Vihar Phase 2, Dattavadi, Pune, Maharashtra 411030, India",Constructed,PMC/029/PTB/174,"Plot No. 545, Narveer Tanaji Malusare Road, Sarita Vihar Phase 2, Dattavadi, Pune, Maharashtra 411030, India",yes,user fee+CSR +grand fund,ICT Feedback system is in place,Yes,Yes,,,,
29,Public,"85, Walvekar Nagar, Parvati Paitha, Pune, Maharashtra 411009, India",Constructed,PMC/029/PTB/175,"85, Walvekar Nagar, Parvati Paitha, Pune, Maharashtra 411009, India",yes,user fee+CSR +grand fund,ICT Feedback system is in place,Yes,Yes,,,,
29,Public,"64, Shahu College Road, Mayuresh Society, Sivadarshan Poorgrasta Vasahat, Parvati Paitha, Pune, Maharashtra 411009, India",Constructed,PMC/029/PTB/176,"64, Shahu College Road, Mayuresh Society, Sivadarshan Poorgrasta Vasahat, Parvati Paitha,",yes,user fee+CSR +grand fund,ICT Feedback system is in place,Yes,Yes,,,,
29,Public,"871, Lane Number 60, Janta Vasahat, Jai Bhawani Nagar, Parvati Paitha, Pune, Maharashtra 411009, India",Constructed,PMC/029/PTB/177,"871, Lane Number 60, Janta Vasahat, Jai Bhawani Nagar, Parvati Paitha, Pune, Maharashtra 411009, India",yes,user fee+CSR +grand fund,ICT Feedback system is in place,Yes,Yes,,,,
29,Public,"1003, Golvalkar Guruji Path, Bodh Basti, Parvati Paitha, Pune, Maharashtra 411009, India",Constructed,PMC/029/PTB/178,"1003, Golvalkar Guruji Path, Bodh Basti, Parvati Paitha, Pune, Maharashtra 411009, India",yes,user fee+CSR +grand fund,ICT Feedback system is in place,Yes,Yes,,,,
29,Public,"62/4B/2, Narveer Tanaji Malusare Road, Sarita Vihar, Dattavadi, Pune, Maharashtra 411030, India",Constructed,PMC/029/PTB/179,"62/4B/2, Narveer Tanaji Malusare Road, Sarita Vihar, Dattavadi, Pune, Maharashtra 411030, India",yes,user fee+CSR +grand fund,ICT Feedback system is in place,Yes,Yes,,,,
29,Public,"286, Sahakarnagar No - 2, Rajyavahatuk society, Parvati Paitha, Pune, Maharashtra 411009, India",Constructed,PMC/029/PTB/180,"286, Sahakarnagar No - 2, Rajyavahatuk society, Parvati Paitha, ",yes,user fee+CSR +grand fund,ICT Feedback system is in place,Yes,Yes,,,,
29,Public,"4, Taware Colony, Parvati Paitha, Pune, Maharashtra 411009, India",Constructed,PMC/029/PTB/181,"4, Taware Colony, Parvati Paitha, Pune, Maharashtra 411009, India",yes,user fee+CSR +grand fund,ICT Feedback system is in place,Yes,Yes,,,,
29,Public,"26, Sane Guruji Road, Municipal Colony, Pune, Maharashtra 411030, India",Constructed,PMC/029/PTB/182,"26, Sane Guruji Road, Municipal Colony, Pune, Maharashtra 411030, India",yes,user fee+CSR +grand fund,ICT Feedback system is in place,Yes,Yes,,,,
29,Public,"26, Pune - Bengaluru Hwy, Sahakar Nagar, Parvati Paitha, Pune, Maharashtra 411009, India",Constructed,PMC/029/PTB/183,"26, Pune - Bengaluru Hwy, Sahakar Nagar, Parvati Paitha, Pune, Maharashtra 411009, India",yes,user fee+CSR +grand fund,ICT Feedback system is in place,Yes,Yes,,,,
30,Public," Dattavadi, Pune, Maharashtra 411030, India",Constructed,PMC/030/PTB/184,"18, Chaugule Path, Sitabag Colony,",yes,user fee+CSR +grand fund,ICT Feedback system is in place,Yes,Yes,,,,
31,Public,"2, Warje Malwadi Road, Karve Nagar, Pune, Maharashtra 411052, India",Constructed,PMC/031/PTB/185,"2, Warje Malwadi Road, Karve Nagar, Pune, Maharashtra 411052, India",yes,user fee+CSR +grand fund,ICT Feedback system is in place,Yes,Yes,,,,
32,Public," Warje, Pune, Maharashtra 411052, India",Constructed,PMC/032/PTB/186,"Chauk - Karjat - Murbad Road,",yes,user fee+CSR +grand fund,ICT Feedback system is in place,Yes,Yes,,,,
32,Public,"24/4/2, Late Narayanrao Kondiba Jagtap Path, Vittalvadi, Hingne Khurd, Pune, Maharashtra 411051, India",Constructed,PMC/032/PTB/187,"24/4/2, Late Narayanrao Kondiba Jagtap Path, Vittalvadi, Hingne Khurd, Pune, Maharashtra 411051, India",yes,user fee+CSR +grand fund,ICT Feedback system is in place,Yes,Yes,,,,
32,Public,"129/12, Warje Malwadi Road, Warje, Pune, Maharashtra 411052, India",Constructed,PMC/032/PTB/188,"129/12, Warje Malwadi Road, Warje, ",yes,user fee+CSR +grand fund,ICT Feedback system is in place,Yes,Yes,,,,
33,Public,"Narhe, Pune, Maharashtra 411041, India",Constructed,PMC/033/PTB/189,"6, Narveer Tanaji Malusare Road, Wadgaon Budruk, ",yes,user fee+CSR +grand fund,ICT Feedback system is in place,Yes,Yes,,,,
33,Public,"6, Narveer Tanaji Malusare Road, Wadgaon Budruk, Narhe, Pune, Maharashtra 411041, India",Constructed,PMC/033/PTB/190,"6, Narveer Tanaji Malusare Road, Wadgaon Budruk, Narhe, Pune, Maharashtra 411041, India",yes,user fee+CSR +grand fund,ICT Feedback system is in place,Yes,Yes,,,,
33,Public,"Chauk - Karjat - Murbad Road, Kudale Baug, Vadgaon Budruk, Pune, Maharashtra 411041, India",Constructed,PMC/033/PTB/191,"Chauk - Karjat - Murbad Road, Kudale Baug, Vadgaon Budruk,",yes,user fee+CSR +grand fund,ICT Feedback system is in place,Yes,Yes,,,,
33,Public,"6, Narveer Tanaji Malusare Road, Wadgaon Budruk, Narhe, Pune, Maharashtra 411041, India",Constructed,PMC/033/PTB/192,"6, Narveer Tanaji Malusare Road, Wadgaon Budruk, Narhe, Pune, Maharashtra 411041, India",yes,user fee+CSR +grand fund,ICT Feedback system is in place,Yes,Yes,,,,
33,Public,"29/3/2, Katraj - Kondhwa Road, Bibwewadi Annex, Rajas Society, Katraj, Pune, Maharashtra 411046, India",Constructed,PMC/033/PTB/193,"29/3/2, Katraj - Kondhwa Road, Bibwewadi Annex, Rajas Society, Katraj, Pune, Maharashtra 411046, India",yes,user fee+CSR +grand fund,ICT Feedback system is in place,Yes,Yes,,,,
33,Public,"15/2, Sinhagad Road, Industrial Area, Nanded Fata, Pandurang Industrial Area, Nanded, Pune, Maharashtra 411041, India",Constructed,PMC/033/PTB/194,"15/2, Sinhagad Road, Industrial Area, Nanded Fata, Pandurang Industrial Area, Nanded, ",yes,user fee+CSR +grand fund,ICT Feedback system is in place,Yes,Yes,,,,
33,Public,"6, Narveer Tanaji Malusare Road, Wadgaon Budruk, Narhe, Pune, Maharashtra 411041, India",Constructed,PMC/033/PTB/195,"6, Narveer Tanaji Malusare Road, Wadgaon Budruk, Narhe, Pune, Maharashtra 411041, India",yes,user fee+CSR +grand fund,ICT Feedback system is in place,Yes,Yes,,,,
34,Public,"River Side Road, Vittalvadi, Hingne Khurd, Pune, Maharashtra 411051, India",Constructed,PMC/035/PTB/196,"River Side Road, Vittalvadi, Hingne Khurd, Pune, Maharashtra 411051, India",yes,user fee+CSR +grand fund,ICT Feedback system is in place,Yes,Yes,,,,
35,Public," Sahakar Nagar,  Pune, Maharashtra 411009, India",Constructed,PMC/035/PTB/197,"6, Aranyeshwar chouk,Parvati Paitha,",yes,user fee+CSR +grand fund,ICT Feedback system is in place,Yes,Yes,,,,
35,Public," Sant Nagar, Parvati Paitha, Pune, Maharashtra 411009, India",Constructed,PMC/035/PTB/198,"Plot No. 8, Aranyeshwar Road, Sant Nagar, Annabhau Sathe Jhopadpatti Complex,",yes,user fee+CSR +grand fund,ICT Feedback system is in place,Yes,Yes,,,,
35,Public," Parvati Paitha, Pune, Maharashtra 411009, India",Constructed,PMC/035/PTB/199,"235, Golvalkar Guruji Path, Parvati Gaon,",yes,user fee+CSR +grand fund,ICT Feedback system is in place,Yes,Yes,,,,
35,Public," Parvati Paitha, Pune, Maharashtra 411009, India",Constructed,PMC/035/PTB/200,"81, Tulshibagwale Colony Road, Sahajeevan Society, Tulshibagwale Colony,",yes,user fee+CSR +grand fund,ICT Feedback system is in place,Yes,Yes,,,,
35,Public," Parvati Paitha, Pune, Maharashtra 411009, India",Constructed,PMC/035/PTB/201,"26, Sivadarshan Poorgrasta Vasahat,",yes,user fee+CSR +grand fund,ICT Feedback system is in place,Yes,Yes,,,,
36,Public,"Bibvewadi, Pune, Maharashtra 411037, India",Constructed,PMC/036/PTB/202,"682/B, Keshaorao Jedhe Road, Sangam Society.",yes,user fee+CSR +grand fund,ICT Feedback system is in place,Yes,Yes,,,,
36,Public,"636, Market Yard Road, Market Yard, Gultekdi, Pune, Maharashtra 411037, India",Constructed,PMC/036/PTB/203,"636, Market Yard Road, Market Yard, Gultekdi, Pune, Maharashtra 411037, India",yes,user fee+CSR +grand fund,ICT Feedback system is in place,Yes,Yes,,,,
36,Public,"7, Pune-Satara Road, Parsanees Colony, Maharshi Nagar, Pune, Maharashtra 411037, India",Constructed,PMC/036/PTB/204,"7, Pune-Satara Road, Parsanees Colony, Maharshi Nagar, Pune, Maharashtra 411037, India",yes,user fee+CSR +grand fund,ICT Feedback system is in place,Yes,Yes,,,,
36,Public,"548, Swami Vivekanand Road, Shivaji Nagar, Bibvewadi, Pune, Maharashtra 411037, India",Constructed,PMC/036/PTB/205,"548, Swami Vivekanand Road, Shivaji Nagar, Bibvewadi, Pune, Maharashtra 411037, India",yes,user fee+CSR +grand fund,ICT Feedback system is in place,Yes,Yes,,,,
37,Public,"642/7, Chintamani Nagar, Bibvewadi, Pune, Maharashtra 411037, India",Constructed,PMC/037/PTB/206,"642/7, Chintamani Nagar, Bibvewadi, Pune, Maharashtra 411037, India",yes,user fee+CSR +grand fund,ICT Feedback system is in place,Yes,Yes,,,,
38,Public,"22, Rajas Society, Kondhwa Budruk, Pune, Maharashtra 411046, India",Constructed,PMC/038/PTB/207,"22, Rajas Society, Kondhwa Budruk,",yes,user fee+CSR +grand fund,ICT Feedback system is in place,Yes,Yes,,,,
39,Public,", Dhankawadi, Pune, Maharashtra 411043, India",Constructed,PMC/039/PTB/208,"2/4, Govindrao Patil Nagar, Ramchandra Nagar, Jyoti Park",yes,user fee+CSR +grand fund,ICT Feedback system is in place,Yes,Yes,,,,
39,Public,"Teen Hatti Chowk Road, Ramchandra Nagar, Pratibha Nagar, Dhankawadi, Pune, Maharashtra 411043, India",Constructed,PMC/039/PTB/209,"Teen Hatti Chowk Road, Ramchandra Nagar, Pratibha Nagar, Dhankawadi,",yes,user fee+CSR +grand fund,ICT Feedback system is in place,Yes,Yes,,,,
40,Public,"Dhankawadi, Pune, Maharashtra 411046, India",Constructed,PMC/040/PTB/210,"Mumbai Pune Bypass Road, Chandrabhaga Nagar, ",yes,user fee+CSR +grand fund,ICT Feedback system is in place,Yes,Yes,,,,
40,Public,"29/44, Pune - Bengaluru Hwy, Kala Nagar, Dhankawadi, Pune, Maharashtra 411043, India",Constructed,PMC/040/PTB/211,"29/44, Pune - Bengaluru Hwy, Kala Nagar, Dhankawadi, Pune, Maharashtra 411043, India",yes,user fee+CSR +grand fund,ICT Feedback system is in place,Yes,Yes,,,,
40,Public,"32/1/1, Dhankawadi Road, Girinagar Society, Anand Nagar, Kala Nagar, Dhankawadi, Pune, Maharashtra 411043, India",Constructed,PMC/040/PTB/212,"32/1/1, Dhankawadi Road, Girinagar Society, Anand Nagar, Kala Nagar, Dhankawadi, Pune, Maharashtra 411043, India",yes,user fee+CSR +grand fund,ICT Feedback system is in place,Yes,Yes,,,,
40,Public,"Pune - Bengaluru Hwy, Katraj, Pune, Maharashtra 411046, India",Constructed,PMC/040/PTB/213,"Pune - Bengaluru Hwy, Katraj, Pune, Maharashtra 411046, India",yes,user fee+CSR +grand fund,ICT Feedback system is in place,Yes,Yes,,,,
40,Public,"137/7, Pune - Bengaluru Hwy, Kanchan Nagari, Katraj, Pune, Maharashtra 411046, India",Constructed,PMC/040/PTB/214,"137/7, Pune - Bengaluru Hwy, Kanchan Nagari, Katraj, Pune, Maharashtra 411046, India",yes,user fee+CSR +grand fund,ICT Feedback system is in place,Yes,Yes,,,,
40,Public,"29/44, Pune - Bengaluru Hwy, Kala Nagar, Dhankawadi, Pune, Maharashtra 411043, India",Constructed,PMC/040/PTB/215,"29/44, Pune - Bengaluru Hwy, Kala Nagar, Dhankawadi, Pune, Maharashtra 411043, India",yes,user fee+CSR +grand fund,ICT Feedback system is in place,Yes,Yes,,,,
40,Public,"12, Medical College Road, Shriram Nagar, Dhankawadi, Pune, Maharashtra 411046, India",Constructed,PMC/040/PTB/216,"12, Medical College Road, Shriram Nagar, Dhankawadi, ",yes,user fee+CSR +grand fund,ICT Feedback system is in place,Yes,Yes,,,,
41,Public,"102, Katraj - Kondhwa Road, Kondhwa Budruk, Pune, Maharashtra 411048, India",Constructed,PMC/041/PTB/217,"102, Katraj - Kondhwa Road, Kondhwa Budruk, Pune, Maharashtra 411048, India",yes,user fee+CSR +grand fund,ICT Feedback system is in place,Yes,Yes,,,,
,Public," Kondhwa Budruk, Pune, Maharashtra 411046, India",Constructed,," Kondhwa Budruk, Pune, Maharashtra 411046, India",yes,user fee+CSR +grand fund,ICT Feedback system is in place,Yes,Yes,,,,
,Public," Viman Nagar, Pune, Maharashtra 411014, India",Constructed,," Viman Nagar, Pune, Maharashtra 411014, India",yes,user fee+CSR +grand fund,ICT Feedback system is in place,Yes,Yes,,,,
1,Community,vishranit wadi,Constructed,PMC/001/CTB/001,,Yes,user fee+CSR+grand fund,manual feedback,Yes,Yes,,,,
1,Community,kalas,Constructed,PMC/001/CTB/003,,Yes,user fee+CSR+grand fund,manual feedback,Yes,Yes,,,,
1,Community,kalas gaothan,Constructed,PMC/001/CTB/005,,Yes,user fee+CSR+grand fund,manual feedback,Yes,Yes,,,,
1,Community,vishranit wadi,Constructed,PMC/001/CTB/006,,Yes,user fee+CSR+grand fund,manual feedback,Yes,Yes,,,,
1,Community,Vishrantwadi,Constructed,PMC/001/CTB/007,,Yes,user fee+CSR+grand fund,manual feedback,Yes,Yes,,,,
1,Community,vishranit wadi,Constructed,PMC/001/CTB/008,,Yes,user fee+CSR+grand fund,manual feedback,Yes,Yes,,,,
1,Community,Vishrantwadi,Constructed,PMC/001/CTB/009,,Yes,user fee+CSR+grand fund,manual feedback,Yes,Yes,,,,
1,Community,vishrnit wadi,Constructed,PMC/001/CTB/010,,Yes,user fee+CSR+grand fund,manual feedback,Yes,Yes,,,,
1,Community,vishrnit wadi,Constructed,PMC/001/CTB/013,,Yes,user fee+CSR+grand fund,manual feedback,Yes,Yes,,,,
2,Community,jadhav nagar,Constructed,PMC/002/CTB/014,,Yes,user fee+CSR+grand fund,manual feedback,Yes,Yes,,,,
2,Community,jadhav nagar,Constructed,PMC/002/CTB/015,,Yes,user fee+CSR+grand fund,manual feedback,Yes,Yes,,,,
2,Community,jadhav nagar,Constructed,PMC/002/CTB/016,,Yes,user fee+CSR+grand fund,manual feedback,Yes,Yes,,,,
2,Community,panchshil nagar,Constructed,PMC/002/CTB/017,,Yes,user fee+CSR+grand fund,manual feedback,Yes,Yes,,,,
2,Community,panchshil nagar,Constructed,PMC/002/CTB/018,,Yes,user fee+CSR+grand fund,manual feedback,Yes,Yes,,,,
2,Community,panchashil nagar,Constructed,PMC/002/CTB/019,,Yes,user fee+CSR+grand fund,manual feedback,Yes,Yes,,,,
2,Community,panchshil nagar,Constructed,PMC/002/CTB/020,,Yes,user fee+CSR+grand fund,manual feedback,Yes,Yes,,,,
2,Community,hiraman moze nagar,Constructed,PMC/002/CTB/021,,Yes,user fee+CSR+grand fund,manual feedback,Yes,Yes,,,,
2,Community,kamgar nagar,Constructed,PMC/002/CTB/022,,Yes,user fee+CSR+grand fund,manual feedback,Yes,Yes,,,,
2,Community,shramik vasahat,Constructed,PMC/002/CTB/023,,Yes,user fee+CSR+grand fund,manual feedback,Yes,Yes,,,,
2,Community,shrmik vasahat,Constructed,PMC/002/CTB/024,,Yes,user fee+CSR+grand fund,manual feedback,Yes,Yes,,,,
2,Community,nagpur chawl,Constructed,PMC/002/CTB/025,,Yes,user fee+CSR+grand fund,manual feedback,Yes,Yes,,,,
2,Community,Bhaje market,Constructed,PMC/002/CTB/026,,Yes,user fee+CSR+grand fund,manual feedback,Yes,Yes,,,,
2,Community,nagpur chwal,Constructed,PMC/002/CTB/028,,Yes,user fee+CSR+grand fund,manual feedback,Yes,Yes,,,,
2,Community,nagpur chawl,Constructed,PMC/002/CTB/030,,Yes,user fee+CSR+grand fund,manual feedback,Yes,Yes,,,,
2,Community,nagpur chawl,Constructed,PMC/002/CTB/031,,Yes,user fee+CSR+grand fund,manual feedback,Yes,Yes,,,,
2,Community,nagpur chwal,Constructed,PMC/002/CTB/032,,Yes,user fee+CSR+grand fund,manual feedback,Yes,Yes,,,,
2,Community,nitagee nagar,Constructed,PMC/002/CTB/033,,Yes,user fee+CSR+grand fund,manual feedback,Yes,Yes,,,,
2,Community,nagpur chawl,Constructed,PMC/002/CTB/034,,Yes,user fee+CSR+grand fund,manual feedback,Yes,Yes,,,,
2,Community,nagpur chwal,Constructed,PMC/002/CTB/035,,Yes,user fee+CSR+grand fund,manual feedback,Yes,Yes,,,,
2,Community,Katarwadi,Constructed,PMC/002/CTB/036,,Yes,user fee+CSR+grand fund,manual feedback,Yes,Yes,,,,
2,Community,nagapur chawl,Constructed,PMC/002/CTB/037,,Yes,user fee+CSR+grand fund,manual feedback,Yes,Yes,,,,
3,Community,gandhi nagar,Constructed,PMC/003/CTB/035,,Yes,user fee+CSR+grand fund,manual feedback,Yes,Yes,,,,
3,Community,gandhi nagar,Constructed,PMC/003/CTB/036,,Yes,user fee+CSR+grand fund,manual feedback,Yes,Yes,,,,
3,Community,gandhi nagar,Constructed,PMC/003/CTB/037,,Yes,user fee+CSR+grand fund,manual feedback,Yes,Yes,,,,
6,Community,laxmi nagar,Constructed,PMC/006/CTB/050,,Yes,user fee+CSR+grand fund,manual feedback,Yes,Yes,,,,
6,Community,laxmi nagar,Constructed,PMC/006/CTB/051,,Yes,user fee+CSR+grand fund,manual feedback,Yes,Yes,,,,
6,Community,laxmi nagar,Constructed,PMC/006/CTB/052,,Yes,user fee+CSR+grand fund,manual feedback,Yes,Yes,,,,
6,Community,laxmi nagar,Constructed,PMC/006/CTB/053,,Yes,user fee+CSR+grand fund,manual feedback,Yes,Yes,,,,
6,Community,laxmi nagar,Constructed,PMC/006/CTB/054,,Yes,user fee+CSR+grand fund,manual feedback,Yes,Yes,,,,
6,Community,laxmi nagar,Constructed,PMC/006/CTB/055,,Yes,user fee+CSR+grand fund,manual feedback,Yes,Yes,,,,
6,Community, laxmi nagar,Constructed,PMC/006/CTB/056,,Yes,user fee+CSR+grand fund,manual feedback,Yes,Yes,,,,
6,Community,ganesh nagar,Constructed,PMC/006/CTB/057,,Yes,user fee+CSR+grand fund,manual feedback,Yes,Yes,,,,
6,Community,ganesh nagar,Constructed,PMC/006/CTB/058,,Yes,user fee+CSR+grand fund,manual feedback,Yes,Yes,,,,
6,Community,ashok nagar,Constructed,PMC/006/CTB/059,,Yes,user fee+CSR+grand fund,manual feedback,Yes,Yes,,,,
6,Community,ashok nagar,Constructed,PMC/006/CTB/060,,Yes,user fee+CSR+grand fund,manual feedback,Yes,Yes,,,,
6,Community,ashok nagar,Constructed,PMC/006/CTB/061,,Yes,user fee+CSR+grand fund,manual feedback,Yes,Yes,,,,
6,Community,ashok nagar,Constructed,PMC/006/CTB/062,,Yes,user fee+CSR+grand fund,manual feedback,Yes,Yes,,,,
6,Community,ashok nagar,Constructed,PMC/006/CTB/063,,Yes,user fee+CSR+grand fund,manual feedback,Yes,Yes,,,,
6,Community,shivraj chowk,Constructed,PMC/006/CTB/064,,Yes,user fee+CSR+grand fund,manual feedback,Yes,Yes,,,,
6,Community,gaiwada,Constructed,PMC/006/CTB/065,,Yes,user fee+CSR+grand fund,manual feedback,Yes,Yes,,,,
6,Community,laxmi nagar,Constructed,PMC/006/CTB/066,,Yes,user fee+CSR+grand fund,manual feedback,Yes,Yes,,,,
6,Community,Kamraj Nagar,Constructed,PMC/006/CTB/067,,Yes,user fee+CSR+grand fund,manual feedback,Yes,Yes,,,,
6,Community,Kamraj Nagar,Constructed,PMC/006/CTB/068,,Yes,user fee+CSR+grand fund,manual feedback,Yes,Yes,,,,
6,Community,jay javan nagar,Constructed,PMC/006/CTB/069,,Yes,user fee+CSR+grand fund,manual feedback,Yes,Yes,,,,
6,Community,jay javan nagar,Constructed,PMC/006/CTB/070,,Yes,user fee+CSR+grand fund,manual feedback,Yes,Yes,,,,
6,Community,jay jawan nagar,Constructed,PMC/006/CTB/071,,Yes,user fee+CSR+grand fund,manual feedback,Yes,Yes,,,,
6,Community,jay javan nagar,Constructed,PMC/006/CTB/072,,Yes,user fee+CSR+grand fund,manual feedback,Yes,Yes,,,,
6,Community,pandu laman vasti,Constructed,PMC/006/CTB/073,,Yes,user fee+CSR+grand fund,manual feedback,Yes,Yes,,,,
6,Community,church koti,Constructed,PMC/006/CTB/074,,Yes,user fee+CSR+grand fund,manual feedback,Yes,Yes,,,,
6,Community,ram nagar,Constructed,PMC/006/CTB/075,,Yes,user fee+CSR+grand fund,manual feedback,Yes,Yes,,,,
6,Community,ram nagar,Constructed,PMC/006/CTB/076,,Yes,user fee+CSR+grand fund,manual feedback,Yes,Yes,,,,
6,Community,ram nagar,Constructed,PMC/006/CTB/077,,Yes,user fee+CSR+grand fund,manual feedback,Yes,Yes,,,,
6,Community,ram nagar,Constructed,PMC/006/CTB/078,,Yes,user fee+CSR+grand fund,manual feedback,Yes,Yes,,,,
6,Community,laxmi nagar ,Constructed,PMC/006/CTB/079,,Yes,user fee+CSR+grand fund,manual feedback,Yes,Yes,,,,
6,Community,laxmi nagar,Constructed,PMC/006/CTB/080,,Yes,user fee+CSR+grand fund,manual feedback,Yes,Yes,,,,
6,Community,laxmi nagar,Constructed,PMC/006/CTB/081,,Yes,user fee+CSR+grand fund,manual feedback,Yes,Yes,,,,
6,Community,laxmi nagar,Constructed,PMC/006/CTB/082,,Yes,user fee+CSR+grand fund,manual feedback,Yes,Yes,,,,
6,Community,laxmi nagar,Constructed,PMC/006/CTB/083,,Yes,user fee+CSR+grand fund,manual feedback,Yes,Yes,,,,
6,Community,laxmi nagar,Constructed,PMC/006/CTB/084,,Yes,user fee+CSR+grand fund,manual feedback,Yes,Yes,,,,
6,Community,laxmi nagar,Constructed,PMC/006/CTB/085,,Yes,user fee+CSR+grand fund,manual feedback,Yes,Yes,,,,
6,Community,laxmi nagar,Constructed,PMC/006/CTB/086,,Yes,user fee+CSR+grand fund,manual feedback,Yes,Yes,,,,
6,Community,yeshwant nagar,Constructed,PMC/006/CTB/089,,Yes,user fee+CSR+grand fund,manual feedback,Yes,Yes,,,,
6,Community,yeshwant nagar,Constructed,PMC/006/CTB/090,,Yes,user fee+CSR+grand fund,manual feedback,Yes,Yes,,,,
6,Community,laxmi nagar,Constructed,PMC/006/CTB/091,,Yes,user fee+CSR+grand fund,manual feedback,Yes,Yes,,,,
7,Community,dharmwadi jaanwadi prabhag no 11,Constructed,PMC/007/CTB/093,,Yes,user fee+CSR+grand fund,manual feedback,Yes,Yes,,,,
7,Community,jaanta vasahat ,Constructed,PMC/007/CTB/094,,Yes,user fee+CSR+grand fund,manual feedback,Yes,Yes,,,,
7,Community,Indira Vasahat,Constructed,PMC/007/CTB/095,,Yes,user fee+CSR+grand fund,manual feedback,Yes,Yes,,,,
7,Community,Kasturba,Constructed,PMC/007/CTB/096,,Yes,user fee+CSR+grand fund,manual feedback,Yes,Yes,,,,
7,Community,jaanwadi5,Constructed,PMC/007/CTB/097,,Yes,user fee+CSR+grand fund,manual feedback,Yes,Yes,,,,
7,Community,jaanwadi ,Constructed,PMC/007/CTB/098,,Yes,user fee+CSR+grand fund,manual feedback,Yes,Yes,,,,
7,Community,jaanwadi ,Constructed,PMC/007/CTB/099,,Yes,user fee+CSR+grand fund,manual feedback,Yes,Yes,,,,
7,Community,jaan wadi ,Constructed,PMC/007/CTB/100,,Yes,user fee+CSR+grand fund,manual feedback,Yes,Yes,,,,
7,Community,lalchaul ,Constructed,PMC/007/CTB/101,,Yes,user fee+CSR+grand fund,manual feedback,Yes,Yes,,,,
7,Community,chaturhringi,Constructed,PMC/007/CTB/102,,Yes,user fee+CSR+grand fund,manual feedback,Yes,Yes,,,,
7,Community,waidwadi ,Constructed,PMC/007/CTB/103,,Yes,user fee+CSR+grand fund,manual feedback,Yes,Yes,,,,
7,Community,khairwadi ,Constructed,PMC/007/CTB/104,,Yes,user fee+CSR+grand fund,manual feedback,Yes,Yes,,,,
7,Community,khairwadi ,Constructed,PMC/007/CTB/105,,Yes,user fee+CSR+grand fund,manual feedback,Yes,Yes,,,,
7,Community,khairwadi ,Constructed,PMC/007/CTB/106,,Yes,user fee+CSR+grand fund,manual feedback,Yes,Yes,,,,
7,Community,bhaiya wadi ,Constructed,PMC/007/CTB/107,,Yes,user fee+CSR+grand fund,manual feedback,Yes,Yes,,,,
7,Community,bhaiya wadi ,Constructed,PMC/007/CTB/108,,Yes,user fee+CSR+grand fund,manual feedback,Yes,Yes,,,,
7,Community,natawadi gaonthan ,Constructed,PMC/007/CTB/109,,Yes,user fee+CSR+grand fund,manual feedback,Yes,Yes,,,,
7,Community,vishnu krupa nagar ,Constructed,PMC/007/CTB/110,,Yes,user fee+CSR+grand fund,manual feedback,Yes,Yes,,,,
7,Community,plot no 11 shivaji ,Constructed,PMC/007/CTB/111,,Yes,user fee+CSR+grand fund,manual feedback,Yes,Yes,,,,
7,Community,gool gher,Constructed,PMC/007/CTB/112,,Yes,user fee+CSR+grand fund,manual feedback,Yes,Yes,,,,
7,Community,janwadi,Constructed,PMC/007/CTB/113,,Yes,user fee+CSR+grand fund,manual feedback,Yes,Yes,,,,
7,Community,sangam wadi ,Constructed,PMC/007/CTB/114,,Yes,user fee+CSR+grand fund,manual feedback,Yes,Yes,,,,
7,Community,sangam wadi ,Constructed,PMC/007/CTB/115,,Yes,user fee+CSR+grand fund,manual feedback,Yes,Yes,,,,
7,Community,sangam wadi ,Constructed,PMC/007/CTB/116,,Yes,user fee+CSR+grand fund,manual feedback,Yes,Yes,,,,
7,Community,sangam wadi ,Constructed,PMC/007/CTB/117,,Yes,user fee+CSR+grand fund,manual feedback,Yes,Yes,,,,
7,Community,Rajiv Gandhi nagar ,Constructed,PMC/007/CTB/118,,Yes,user fee+CSR+grand fund,manual feedback,Yes,Yes,,,,
7,Community,viliam nagar ,Constructed,PMC/007/CTB/119,,Yes,user fee+CSR+grand fund,manual feedback,Yes,Yes,,,,
7,Community,viliam nagar ,Constructed,PMC/007/CTB/120,,Yes,user fee+CSR+grand fund,manual feedback,Yes,Yes,,,,
7,Community,bhosale wadi ,Constructed,PMC/007/CTB/121,,Yes,user fee+CSR+grand fund,manual feedback,Yes,Yes,,,,
7,Community,patil estate ,Constructed,PMC/007/CTB/122,,Yes,user fee+CSR+grand fund,manual feedback,Yes,Yes,,,,
7,Community,patil estate ,Constructed,PMC/007/CTB/123,,Yes,user fee+CSR+grand fund,manual feedback,Yes,Yes,,,,
7,Community,patil estate ,Constructed,PMC/007/CTB/124,,Yes,user fee+CSR+grand fund,manual feedback,Yes,Yes,,,,
7,Community,patil estate ,Constructed,PMC/007/CTB/125,,Yes,user fee+CSR+grand fund,manual feedback,Yes,Yes,,,,
7,Community,patil estate ,Constructed,PMC/007/CTB/126,,Yes,user fee+CSR+grand fund,manual feedback,Yes,Yes,,,,
7,Community,patkar plot ,Constructed,PMC/007/CTB/127,,Yes,user fee+CSR+grand fund,manual feedback,Yes,Yes,,,,
7,Community,patil wasti,Constructed,PMC/007/CTB/128,,Yes,user fee+CSR+grand fund,manual feedback,Yes,Yes,,,,
8,Community,bhohite vasti ,Constructed,PMC/008/CTB/129,,Yes,user fee+CSR+grand fund,manual feedback,Yes,Yes,,,,
8,Community,bopodi,Constructed,PMC/008/CTB/130,,Yes,user fee+CSR+grand fund,manual feedback,Yes,Yes,,,,
8,Community,bhohite vasti ,Constructed,PMC/008/CTB/131,,Yes,user fee+CSR+grand fund,manual feedback,Yes,Yes,,,,
8,Community,bhohite vasti ,Constructed,PMC/008/CTB/132,,Yes,user fee+CSR+grand fund,manual feedback,Yes,Yes,,,,
8,Community,indira nagar bhohite vasti,Constructed,PMC/008/CTB/133,,Yes,user fee+CSR+grand fund,manual feedback,Yes,Yes,,,,
8,Community,dabar chal,Constructed,PMC/008/CTB/134,,Yes,user fee+CSR+grand fund,manual feedback,Yes,Yes,,,,
8,Community,gandhi nagar vasti ,Constructed,PMC/008/CTB/135,,Yes,user fee+CSR+grand fund,manual feedback,Yes,Yes,,,,
8,Community,gandhi nagar vasti ,Constructed,PMC/008/CTB/136,,Yes,user fee+CSR+grand fund,manual feedback,Yes,Yes,,,,
8,Community,bhau patil chal ,Constructed,PMC/008/CTB/137,,Yes,user fee+CSR+grand fund,manual feedback,Yes,Yes,,,,
8,Community,bhau patil chal ,Constructed,PMC/008/CTB/138,,Yes,user fee+CSR+grand fund,manual feedback,Yes,Yes,,,,
8,Community,devibai chal bopodi,Constructed,PMC/008/CTB/139,,Yes,user fee+CSR+grand fund,manual feedback,Yes,Yes,,,,
8,Community,bhori chal,Constructed,PMC/008/CTB/140,,Yes,user fee+CSR+grand fund,manual feedback,Yes,Yes,,,,
8,Community,bhori chal,Constructed,PMC/008/CTB/141,,Yes,user fee+CSR+grand fund,manual feedback,Yes,Yes,,,,
8,Community,bopodi gav than ,Constructed,PMC/008/CTB/142,,Yes,user fee+CSR+grand fund,manual feedback,Yes,Yes,,,,
8,Community,bopodi gav than ,Constructed,PMC/008/CTB/143,,Yes,user fee+CSR+grand fund,manual feedback,Yes,Yes,,,,
8,Community,gurav chal Sr no  43,Constructed,PMC/008/CTB/144,,Yes,user fee+CSR+grand fund,manual feedback,Yes,Yes,,,,
8,Community,naik chal,Constructed,PMC/008/CTB/145,,Yes,user fee+CSR+grand fund,manual feedback,Yes,Yes,,,,
8,Community,ambedkar ,Constructed,PMC/008/CTB/146,,Yes,user fee+CSR+grand fund,manual feedback,Yes,Yes,,,,
8,Community,bopodi gaonthan ,Constructed,PMC/008/CTB/147,,Yes,user fee+CSR+grand fund,manual feedback,Yes,Yes,,,,
8,Community,bopodi gaonthan,Constructed,PMC/008/CTB/148,,Yes,user fee+CSR+grand fund,manual feedback,Yes,Yes,,,,
8,Community,Wakhare,Constructed,PMC/008/CTB/149,,Yes,user fee+CSR+grand fund,manual feedback,Yes,Yes,,,,
8,Community,bopodi gaothan,Constructed,PMC/008/CTB/150,,Yes,user fee+CSR+grand fund,manual feedback,Yes,Yes,,,,
8,Community,Wakhare Vasti,Constructed,PMC/008/CTB/151,,Yes,user fee+CSR+grand fund,manual feedback,Yes,Yes,,,,
8,Community,warje,Constructed,PMC/008/CTB/152,,Yes,user fee+CSR+grand fund,manual feedback,Yes,Yes,,,,
8,Community,bopodi,Constructed,PMC/008/CTB/153,,Yes,user fee+CSR+grand fund,manual feedback,Yes,Yes,,,,
9,Community,laman tanda ,Constructed,PMC/009/CTB/154,,Yes,user fee+CSR+grand fund,manual feedback,Yes,Yes,,,,
9,Community,laman tanda ,Constructed,PMC/009/CTB/155,,Yes,user fee+CSR+grand fund,manual feedback,Yes,Yes,,,,
9,Community,someshwarwadi ,Constructed,PMC/009/CTB/156,,Yes,user fee+CSR+grand fund,manual feedback,Yes,Yes,,,,
9,Community,someshwarwadi ,Constructed,PMC/009/CTB/157,,Yes,user fee+CSR+grand fund,manual feedback,Yes,Yes,,,,
10,Community, shastri nagar shrikushna colony,Constructed,PMC/010/CTB/158,,Yes,user fee+CSR+grand fund,manual feedback,Yes,Yes,,,,
10,Community,peruka bag shastri nagar,Constructed,PMC/010/CTB/159,,Yes,user fee+CSR+grand fund,manual feedback,Yes,Yes,,,,
10,Community,sainath vasahat,Constructed,PMC/010/CTB/160,,Yes,user fee+CSR+grand fund,manual feedback,Yes,Yes,,,,
10,Community,shivanjali ,Constructed,PMC/010/CTB/161,,Yes,user fee+CSR+grand fund,manual feedback,Yes,Yes,,,,
10,Community,shastri nagar,Constructed,PMC/010/CTB/162,,Yes,user fee+CSR+grand fund,manual feedback,Yes,Yes,,,,
10,Community,shastri nagar,Constructed,PMC/010/CTB/163,,Yes,user fee+CSR+grand fund,manual feedback,Yes,Yes,,,,
10,Community,shastri nagar,Constructed,PMC/010/CTB/164,,Yes,user fee+CSR+grand fund,manual feedback,Yes,Yes,,,,
10,Community,shastri nagar d5 chawl,Constructed,PMC/010/CTB/165,,Yes,user fee+CSR+grand fund,manual feedback,Yes,Yes,,,,
10,Community,shastri nagar,Constructed,PMC/010/CTB/166,,Yes,user fee+CSR+grand fund,manual feedback,Yes,Yes,,,,
10,Community,shastri nagar,Constructed,PMC/010/CTB/167,,Yes,user fee+CSR+grand fund,manual feedback,Yes,Yes,,,,
10,Community,shashtri nagar,Constructed,PMC/010/CTB/168,,Yes,user fee+CSR+grand fund,manual feedback,Yes,Yes,,,,
10,Community,shashtri nagar,Constructed,PMC/010/CTB/169,,Yes,user fee+CSR+grand fund,manual feedback,Yes,Yes,,,,
11,Community,kelwadi,Constructed,PMC/011/CTB/170,,Yes,user fee+CSR+grand fund,manual feedback,Yes,Yes,,,,
11,Community,kelwadi,Constructed,PMC/011/CTB/171,,Yes,user fee+CSR+grand fund,manual feedback,Yes,Yes,,,,
11,Community,kelwadi,Constructed,PMC/011/CTB/172,,Yes,user fee+CSR+grand fund,manual feedback,Yes,Yes,,,,
11,Community,kelwadi,Constructed,PMC/011/CTB/173,,Yes,user fee+CSR+grand fund,manual feedback,Yes,Yes,,,,
11,Community,kelwadi,Constructed,PMC/011/CTB/174,,Yes,user fee+CSR+grand fund,manual feedback,Yes,Yes,,,,
11,Community,kelwadi,Constructed,PMC/011/CTB/175,,Yes,user fee+CSR+grand fund,manual feedback,Yes,Yes,,,,
11,Community,kelwadi,Constructed,PMC/011/CTB/176,,Yes,user fee+CSR+grand fund,manual feedback,Yes,Yes,,,,
11,Community,kelawadi,Constructed,PMC/011/CTB/177,,Yes,user fee+CSR+grand fund,manual feedback,Yes,Yes,,,,
11,Community,kelwadi ,Constructed,PMC/011/CTB/178,,Yes,user fee+CSR+grand fund,manual feedback,Yes,Yes,,,,
11,Community,vasant nagar,Constructed,PMC/011/CTB/179,,Yes,user fee+CSR+grand fund,manual feedback,Yes,Yes,,,,
11,Community,hanuman nagar,Constructed,PMC/011/CTB/180,,Yes,user fee+CSR+grand fund,manual feedback,Yes,Yes,,,,
11,Community,hanuman nagar,Constructed,PMC/011/CTB/181,,Yes,user fee+CSR+grand fund,manual feedback,Yes,Yes,,,,
11,Community,hanuman nagar,Constructed,PMC/011/CTB/182,,Yes,user fee+CSR+grand fund,manual feedback,Yes,Yes,,,,
11,Community,raut wadi,Constructed,PMC/011/CTB/183,,Yes,user fee+CSR+grand fund,manual feedback,Yes,Yes,,,,
11,Community,hanumagar nagar,Constructed,PMC/011/CTB/184,,Yes,user fee+CSR+grand fund,manual feedback,Yes,Yes,,,,
11,Community,raut wadi ,Constructed,PMC/011/CTB/185,,Yes,user fee+CSR+grand fund,manual feedback,Yes,Yes,,,,
11,Community,hanuman nagar,Constructed,PMC/011/CTB/186,,Yes,user fee+CSR+grand fund,manual feedback,Yes,Yes,,,,
11,Community,hanuman nagar,Constructed,PMC/011/CTB/187,,Yes,user fee+CSR+grand fund,manual feedback,Yes,Yes,,,,
11,Community,hanuman nagar,Constructed,PMC/011/CTB/188,,Yes,user fee+CSR+grand fund,manual feedback,Yes,Yes,,,,
11,Community,hanuman nagr,Constructed,PMC/011/CTB/189,,Yes,user fee+CSR+grand fund,manual feedback,Yes,Yes,,,,
11,Community,hanuman nagar,Constructed,PMC/011/CTB/190,,Yes,user fee+CSR+grand fund,manual feedback,Yes,Yes,,,,
11,Community,kelwadi indra park,Constructed,PMC/011/CTB/191,,Yes,user fee+CSR+grand fund,manual feedback,Yes,Yes,,,,
11,Community,kishkinga nagar,Constructed,PMC/011/CTB/192,,Yes,user fee+CSR+grand fund,manual feedback,Yes,Yes,,,,
11,Community,kishkinga nagar,Constructed,PMC/011/CTB/193,,Yes,user fee+CSR+grand fund,manual feedback,Yes,Yes,,,,
11,Community,kishkinga nagar,Constructed,PMC/011/CTB/194,,Yes,user fee+CSR+grand fund,manual feedback,Yes,Yes,,,,
11,Community,kiskindha nagar,Constructed,PMC/011/CTB/195,,Yes,user fee+CSR+grand fund,manual feedback,Yes,Yes,,,,
11,Community,jaybhavani nagar 3 k,Constructed,PMC/011/CTB/196,,Yes,user fee+CSR+grand fund,manual feedback,Yes,Yes,,,,
11,Community,jaybhavani nagar k line,Constructed,PMC/011/CTB/197,,Yes,user fee+CSR+grand fund,manual feedback,Yes,Yes,,,,
11,Community,jaybhavani nagar,Constructed,PMC/011/CTB/198,,Yes,user fee+CSR+grand fund,manual feedback,Yes,Yes,,,,
11,Community,jaybhavani nagar 17a aline,Constructed,PMC/011/CTB/199,,Yes,user fee+CSR+grand fund,manual feedback,Yes,Yes,,,,
11,Community,jaybhavni nagar a line,Constructed,PMC/011/CTB/200,,Yes,user fee+CSR+grand fund,manual feedback,Yes,Yes,,,,
11,Community,jay bhavani nagar,Constructed,PMC/011/CTB/201,,Yes,user fee+CSR+grand fund,manual feedback,Yes,Yes,,,,
11,Community,vetal nagar,Constructed,PMC/011/CTB/202,,Yes,user fee+CSR+grand fund,manual feedback,Yes,Yes,,,,
11,Community,shipai chal,Constructed,PMC/011/CTB/203,,Yes,user fee+CSR+grand fund,manual feedback,Yes,Yes,,,,
11,Community,kelwadi,Constructed,PMC/011/CTB/204,,Yes,user fee+CSR+grand fund,manual feedback,Yes,Yes,,,,
11,Community,kelwadi,Constructed,PMC/011/CTB/205,,Yes,user fee+CSR+grand fund,manual feedback,Yes,Yes,,,,
12,Community,lakshmi nagar,Constructed,PMC/012/CTB/206,,Yes,user fee+CSR+grand fund,manual feedback,Yes,Yes,,,,
12,Community,sidharth nagar,Constructed,PMC/012/CTB/207,,Yes,user fee+CSR+grand fund,manual feedback,Yes,Yes,,,,
12,Community,bhimanagar,Constructed,PMC/012/CTB/208,,Yes,user fee+CSR+grand fund,manual feedback,Yes,Yes,,,,
12,Community,bhimnagar ward 26,Constructed,PMC/012/CTB/209,,Yes,user fee+CSR+grand fund,manual feedback,Yes,Yes,,,,
12,Community,prabhak33,Constructed,PMC/012/CTB/210,,Yes,user fee+CSR+grand fund,manual feedback,Yes,Yes,,,,
12,Community,prabhak 33,Constructed,PMC/012/CTB/211,,Yes,user fee+CSR+grand fund,manual feedback,Yes,Yes,,,,
12,Community,daal vasti,Constructed,PMC/012/CTB/212,,Yes,user fee+CSR+grand fund,manual feedback,Yes,Yes,,,,
12,Community,shravan dara a,Constructed,PMC/012/CTB/213,,Yes,user fee+CSR+grand fund,manual feedback,Yes,Yes,,,,
12,Community,prabhak 33,Constructed,PMC/012/CTB/214,,Yes,user fee+CSR+grand fund,manual feedback,Yes,Yes,,,,
12,Community,lashami nagar,Constructed,PMC/012/CTB/215,,Yes,user fee+CSR+grand fund,manual feedback,Yes,Yes,,,,
13,Community,rajput veetbhaati 14 no,Constructed,PMC/013/CTB/216,,Yes,user fee+CSR+grand fund,manual feedback,Yes,Yes,,,,
13,Community,khilarwadi no 15,Constructed,PMC/013/CTB/217,,Yes,user fee+CSR+grand fund,manual feedback,Yes,Yes,,,,
13,Community,bhalekar wasti ,Constructed,PMC/013/CTB/218,,Yes,user fee+CSR+grand fund,manual feedback,Yes,Yes,,,,
13,Community,bhalekar wasti ,Constructed,PMC/013/CTB/219,,Yes,user fee+CSR+grand fund,manual feedback,Yes,Yes,,,,
13,Community,karvi mat,Constructed,PMC/013/CTB/220,,Yes,user fee+CSR+grand fund,manual feedback,Yes,Yes,,,,
13,Community,gosavi vasti Len no 3,Constructed,PMC/013/CTB/221,,Yes,user fee+CSR+grand fund,manual feedback,Yes,Yes,,,,
13,Community,gosavi vasti,Constructed,PMC/013/CTB/222,,Yes,user fee+CSR+grand fund,manual feedback,Yes,Yes,,,,
13,Community,gosavi vasti number 1,Constructed,PMC/013/CTB/223,,Yes,user fee+CSR+grand fund,manual feedback,Yes,Yes,,,,
13,Community,shivne gavdhan,Constructed,PMC/013/CTB/224,,Yes,user fee+CSR+grand fund,manual feedback,Yes,Yes,,,,
13,Community,gosavi vasti,Constructed,PMC/013/CTB/225,,Yes,user fee+CSR+grand fund,manual feedback,Yes,Yes,,,,
13,Community,karve nagar,Constructed,PMC/013/CTB/226,,Yes,user fee+CSR+grand fund,manual feedback,Yes,Yes,,,,
13,Community,Kali number 7,Constructed,PMC/013/CTB/227,,Yes,user fee+CSR+grand fund,manual feedback,Yes,Yes,,,,
13,Community,teen chawl,Constructed,PMC/013/CTB/228,,Yes,user fee+CSR+grand fund,manual feedback,Yes,Yes,,,,
13,Community,daal vasti,Constructed,PMC/013/CTB/229,,Yes,user fee+CSR+grand fund,manual feedback,Yes,Yes,,,,
13,Community,rasheshri Shau vasahat,Constructed,PMC/013/CTB/230,,Yes,user fee+CSR+grand fund,manual feedback,Yes,Yes,,,,
13,Community,Ganesh nagar vasahat,Constructed,PMC/013/CTB/231,,Yes,user fee+CSR+grand fund,manual feedback,Yes,Yes,,,,
13,Community,sanjay gadi vasahat,Constructed,PMC/013/CTB/232,,Yes,user fee+CSR+grand fund,manual feedback,Yes,Yes,,,,
13,Community,prabhak 33 lashami nagar,Constructed,PMC/013/CTB/233,,Yes,user fee+CSR+grand fund,manual feedback,Yes,Yes,,,,
13,Community,dhalchal vasti,Constructed,PMC/013/CTB/234,,Yes,user fee+CSR+grand fund,manual feedback,Yes,Yes,,,,
13,Community,padhit nehru vasahat,Constructed,PMC/013/CTB/235,,Yes,user fee+CSR+grand fund,manual feedback,Yes,Yes,,,,
13,Community,kolekar vasti,Constructed,PMC/013/CTB/236,,Yes,user fee+CSR+grand fund,manual feedback,Yes,Yes,,,,
13,Community,khilare vasti,Constructed,PMC/013/CTB/237,,Yes,user fee+CSR+grand fund,manual feedback,Yes,Yes,,,,
13,Community,tilak vasti,Constructed,PMC/013/CTB/238,,Yes,user fee+CSR+grand fund,manual feedback,Yes,Yes,,,,
13,Community,teel chawl 212,Constructed,PMC/013/CTB/239,,Yes,user fee+CSR+grand fund,manual feedback,Yes,Yes,,,,
14,Community,pandav nagar ,Constructed,PMC/014/CTB/240,,Yes,user fee+CSR+grand fund,manual feedback,Yes,Yes,,,,
14,Community,health camp chaul no 8,Constructed,PMC/014/CTB/241,,Yes,user fee+CSR+grand fund,manual feedback,Yes,Yes,,,,
14,Community,pandav nagar,Constructed,PMC/014/CTB/242,,Yes,user fee+CSR+grand fund,manual feedback,Yes,Yes,,,,
14,Community,health camp ,Constructed,PMC/014/CTB/243,,Yes,user fee+CSR+grand fund,manual feedback,Yes,Yes,,,,
14,Community,pandav nagar,Constructed,PMC/014/CTB/244,,Yes,user fee+CSR+grand fund,manual feedback,Yes,Yes,,,,
14,Community,health camp chaul no 10,Constructed,PMC/014/CTB/245,,Yes,user fee+CSR+grand fund,manual feedback,Yes,Yes,,,,
14,Community,pandav nagar ,Constructed,PMC/014/CTB/246,,Yes,user fee+CSR+grand fund,manual feedback,Yes,Yes,,,,
14,Community,pandav nagar,Constructed,PMC/014/CTB/247,,Yes,user fee+CSR+grand fund,manual feedback,Yes,Yes,,,,
14,Community,pandav nagar ,Constructed,PMC/014/CTB/248,,Yes,user fee+CSR+grand fund,manual feedback,Yes,Yes,,,,
14,Community,pandav nagar,Constructed,PMC/014/CTB/249,,Yes,user fee+CSR+grand fund,manual feedback,Yes,Yes,,,,
14,Community,pandav nagar ,Constructed,PMC/014/CTB/250,,Yes,user fee+CSR+grand fund,manual feedback,Yes,Yes,,,,
14,Community,pandav nagae,Constructed,PMC/014/CTB/251,,Yes,user fee+CSR+grand fund,manual feedback,Yes,Yes,,,,
14,Community,wadar wadi,Constructed,PMC/014/CTB/252,,Yes,user fee+CSR+grand fund,manual feedback,Yes,Yes,,,,
14,Community,wadar wadi,Constructed,PMC/014/CTB/253,,Yes,user fee+CSR+grand fund,manual feedback,Yes,Yes,,,,
14,Community,wadar wadi,Constructed,PMC/014/CTB/254,,Yes,user fee+CSR+grand fund,manual feedback,Yes,Yes,,,,
14,Community,wadar wadi,Constructed,PMC/014/CTB/255,,Yes,user fee+CSR+grand fund,manual feedback,Yes,Yes,,,,
14,Community,wadar wadi,Constructed,PMC/014/CTB/256,,Yes,user fee+CSR+grand fund,manual feedback,Yes,Yes,,,,
14,Community,wadar wadi,Constructed,PMC/014/CTB/257,,Yes,user fee+CSR+grand fund,manual feedback,Yes,Yes,,,,
14,Community,wadar wadi,Constructed,PMC/014/CTB/258,,Yes,user fee+CSR+grand fund,manual feedback,Yes,Yes,,,,
14,Community,wader wadi,Constructed,PMC/014/CTB/259,,Yes,user fee+CSR+grand fund,manual feedback,Yes,Yes,,,,
14,Community,wadar wadi,Constructed,PMC/014/CTB/260,,Yes,user fee+CSR+grand fund,manual feedback,Yes,Yes,,,,
14,Community,wadar wadi,Constructed,PMC/014/CTB/261,,Yes,user fee+CSR+grand fund,manual feedback,Yes,Yes,,,,
14,Community,wader wadi,Constructed,PMC/014/CTB/262,,Yes,user fee+CSR+grand fund,manual feedback,Yes,Yes,,,,
14,Community,wader wadi,Constructed,PMC/014/CTB/263,,Yes,user fee+CSR+grand fund,manual feedback,Yes,Yes,,,,
14,Community,wader wadi,Constructed,PMC/014/CTB/264,,Yes,user fee+CSR+grand fund,manual feedback,Yes,Yes,,,,
14,Community,wadar wadi,Constructed,PMC/014/CTB/265,,Yes,user fee+CSR+grand fund,manual feedback,Yes,Yes,,,,
14,Community,Fish market,Constructed,PMC/014/CTB/266,,Yes,user fee+CSR+grand fund,manual feedback,Yes,Yes,,,,
14,Community,1216 patil bunglow ,Constructed,PMC/014/CTB/267,,Yes,user fee+CSR+grand fund,manual feedback,Yes,Yes,,,,
14,Community,1216,Constructed,PMC/014/CTB/268,,Yes,user fee+CSR+grand fund,manual feedback,Yes,Yes,,,,
14,Community,1216 patil bunglow ,Constructed,PMC/014/CTB/269,,Yes,user fee+CSR+grand fund,manual feedback,Yes,Yes,,,,
14,Community,pulachiwadi ,Constructed,PMC/014/CTB/270,,Yes,user fee+CSR+grand fund,manual feedback,Yes,Yes,,,,
14,Community,pulachiwadi ,Constructed,PMC/014/CTB/271,,Yes,user fee+CSR+grand fund,manual feedback,Yes,Yes,,,,
14,Community,pulachiwadi ,Constructed,PMC/014/CTB/272,,Yes,user fee+CSR+grand fund,manual feedback,Yes,Yes,,,,
14,Community,pulachiwadi ,Constructed,PMC/014/CTB/273,,Yes,user fee+CSR+grand fund,manual feedback,Yes,Yes,,,,
14,Community,pulachiwadi,Constructed,PMC/014/CTB/274,,Yes,user fee+CSR+grand fund,manual feedback,Yes,Yes,,,,
14,Community,ramoshi wadi,Constructed,PMC/014/CTB/275,,Yes,user fee+CSR+grand fund,manual feedback,Yes,Yes,,,,
14,Community,ramoshi wadi,Constructed,PMC/014/CTB/276,,Yes,user fee+CSR+grand fund,manual feedback,Yes,Yes,,,,
14,Community,ramoshi wadi,Constructed,PMC/014/CTB/277,,Yes,user fee+CSR+grand fund,manual feedback,Yes,Yes,,,,
14,Community,ram narayan bungla ,Constructed,PMC/014/CTB/278,,Yes,user fee+CSR+grand fund,manual feedback,Yes,Yes,,,,
14,Community,gajmal wadi,Constructed,PMC/014/CTB/279,,Yes,user fee+CSR+grand fund,manual feedback,Yes,Yes,,,,
14,Community,dutta vasahat ,Constructed,PMC/014/CTB/280,,Yes,user fee+CSR+grand fund,manual feedback,Yes,Yes,,,,
14,Community,1202 shivaji nagar dutta vasahat ,Constructed,PMC/014/CTB/281,,Yes,user fee+CSR+grand fund,manual feedback,Yes,Yes,,,,
14,Community,dutta vasahat 1202 FC road ,Constructed,PMC/014/CTB/282,,Yes,user fee+CSR+grand fund,manual feedback,Yes,Yes,,,,
14,Community,kamgar pootla ,Constructed,PMC/014/CTB/283,,Yes,user fee+CSR+grand fund,manual feedback,Yes,Yes,,,,
14,Community,kamgar pootla ,Constructed,PMC/014/CTB/284,,Yes,user fee+CSR+grand fund,manual feedback,Yes,Yes,,,,
14,Community,kamgar pootla ,Constructed,PMC/014/CTB/285,,Yes,user fee+CSR+grand fund,manual feedback,Yes,Yes,,,,
14,Community,Rajiv Gandhi nagar ,Constructed,PMC/014/CTB/286,,Yes,user fee+CSR+grand fund,manual feedback,Yes,Yes,,,,
14,Community,Rajiv Gandhi nagar ,Constructed,PMC/014/CTB/287,,Yes,user fee+CSR+grand fund,manual feedback,Yes,Yes,,,,
14,Community,Rajiv Gandhi nagar ,Constructed,PMC/014/CTB/288,,Yes,user fee+CSR+grand fund,manual feedback,Yes,Yes,,,,
14,Community,Rajiv Gandhi nagar ,Constructed,PMC/014/CTB/289,,Yes,user fee+CSR+grand fund,manual feedback,Yes,Yes,,,,
14,Community,tofkhana shikshan mandala road ,Constructed,PMC/014/CTB/290,,Yes,user fee+CSR+grand fund,manual feedback,Yes,Yes,,,,
14,Community,manapa bhavan ,Constructed,PMC/014/CTB/291,,Yes,user fee+CSR+grand fund,manual feedback,Yes,Yes,,,,
14,Community,boudh vasti,Constructed,PMC/014/CTB/292,,Yes,user fee+CSR+grand fund,manual feedback,Yes,Yes,,,,
14,Community,ramoshi wadi ,Constructed,PMC/014/CTB/293,,Yes,user fee+CSR+grand fund,manual feedback,Yes,Yes,,,,
14,Community,ramoshi wadi ,Constructed,PMC/014/CTB/294,,Yes,user fee+CSR+grand fund,manual feedback,Yes,Yes,,,,
14,Community,chafekar nagar ,Constructed,PMC/014/CTB/295,,Yes,user fee+CSR+grand fund,manual feedback,Yes,Yes,,,,
14,Community,chafekar nagar ,Constructed,PMC/014/CTB/296,,Yes,user fee+CSR+grand fund,manual feedback,Yes,Yes,,,,
14,Community,amrave galli ,Constructed,PMC/014/CTB/297,,Yes,user fee+CSR+grand fund,manual feedback,Yes,Yes,,,,
14,Community,shivaji vyayam mandal ,Constructed,PMC/014/CTB/298,,Yes,user fee+CSR+grand fund,manual feedback,Yes,Yes,,,,
14,Community,naad galli,Constructed,PMC/014/CTB/299,,Yes,user fee+CSR+grand fund,manual feedback,Yes,Yes,,,,
14,Community,shivaji nagar gaothan ,Constructed,PMC/014/CTB/300,,Yes,user fee+CSR+grand fund,manual feedback,Yes,Yes,,,,
14,Community,shivaji nagar gaothan ,Constructed,PMC/014/CTB/301,,Yes,user fee+CSR+grand fund,manual feedback,Yes,Yes,,,,
15,Community,burud alei,Constructed,PMC/015/CTB/302,,Yes,user fee+CSR+grand fund,manual feedback,Yes,Yes,,,,
15,Community,shukarwar peth,Constructed,PMC/015/CTB/303,,Yes,user fee+CSR+grand fund,manual feedback,Yes,Yes,,,,
15,Community,shukarwar peth,Constructed,PMC/015/CTB/304,,Yes,user fee+CSR+grand fund,manual feedback,Yes,Yes,,,,
15,Community,guarwar peth,Constructed,PMC/015/CTB/305,,Yes,user fee+CSR+grand fund,manual feedback,Yes,Yes,,,,
15,Community,alaka chuk,Constructed,PMC/015/CTB/306,,Yes,user fee+CSR+grand fund,manual feedback,Yes,Yes,,,,
15,Community,jondile chuk,Constructed,PMC/015/CTB/307,,Yes,user fee+CSR+grand fund,manual feedback,Yes,Yes,,,,
15,Community,V B go gate school,Constructed,PMC/015/CTB/308,,Yes,user fee+CSR+grand fund,manual feedback,Yes,Yes,,,,
15,Community,pulachi wadi,Constructed,PMC/015/CTB/309,,Yes,user fee+CSR+grand fund,manual feedback,Yes,Yes,,,,
15,Community,narayan peth,Constructed,PMC/015/CTB/310,,Yes,user fee+CSR+grand fund,manual feedback,Yes,Yes,,,,
15,Community,hamal wada narayan peth,Constructed,PMC/015/CTB/311,,Yes,user fee+CSR+grand fund,manual feedback,Yes,Yes,,,,
15,Community,hujur paka,Constructed,PMC/015/CTB/312,,Yes,user fee+CSR+grand fund,manual feedback,Yes,Yes,,,,
15,Community,shaniwar peth,Constructed,PMC/015/CTB/313,,Yes,user fee+CSR+grand fund,manual feedback,Yes,Yes,,,,
15,Community,shaniwar peth,Constructed,PMC/015/CTB/314,,Yes,user fee+CSR+grand fund,manual feedback,Yes,Yes,,,,
15,Community,jogajog  karilay shaniwar peth,Constructed,PMC/015/CTB/315,,Yes,user fee+CSR+grand fund,manual feedback,Yes,Yes,,,,
15,Community,vishrambuag ,Constructed,PMC/015/CTB/316,,Yes,user fee+CSR+grand fund,manual feedback,Yes,Yes,,,,
16,Community,shivle bol,Constructed,PMC/016/CTB/317,,Yes,user fee+CSR+grand fund,manual feedback,Yes,Yes,,,,
16,Community,236 samwar peth,Constructed,PMC/016/CTB/318,,Yes,user fee+CSR+grand fund,manual feedback,Yes,Yes,,,,
16,Community,futana wada,Constructed,PMC/016/CTB/319,,Yes,user fee+CSR+grand fund,manual feedback,Yes,Yes,,,,
16,Community,920 rastemagwada,Constructed,PMC/016/CTB/320,,Yes,user fee+CSR+grand fund,manual feedback,Yes,Yes,,,,
16,Community,kagdi pura vasti,Constructed,PMC/016/CTB/321,,Yes,user fee+CSR+grand fund,manual feedback,Yes,Yes,,,,
16,Community,pmc colony,Constructed,PMC/016/CTB/322,,Yes,user fee+CSR+grand fund,manual feedback,Yes,Yes,,,,
16,Community,pmc colony,Constructed,PMC/016/CTB/323,,Yes,user fee+CSR+grand fund,manual feedback,Yes,Yes,,,,
16,Community,kumbharwada vasti,Constructed,PMC/016/CTB/324,,Yes,user fee+CSR+grand fund,manual feedback,Yes,Yes,,,,
16,Community,bhoiali vasti,Constructed,PMC/016/CTB/325,,Yes,user fee+CSR+grand fund,manual feedback,Yes,Yes,,,,
16,Community,agarwal talim,Constructed,PMC/016/CTB/326,,Yes,user fee+CSR+grand fund,manual feedback,Yes,Yes,,,,
16,Community,ghulewadi vasti,Constructed,PMC/016/CTB/327,,Yes,user fee+CSR+grand fund,manual feedback,Yes,Yes,,,,
16,Community,mangal vasti,Constructed,PMC/016/CTB/328,,Yes,user fee+CSR+grand fund,manual feedback,Yes,Yes,,,,
16,Community,mangal vasti,Constructed,PMC/016/CTB/329,,Yes,user fee+CSR+grand fund,manual feedback,Yes,Yes,,,,
16,Community,mangal vasti,Constructed,PMC/016/CTB/330,,Yes,user fee+CSR+grand fund,manual feedback,Yes,Yes,,,,
16,Community,mangal vasti,Constructed,PMC/016/CTB/331,,Yes,user fee+CSR+grand fund,manual feedback,Yes,Yes,,,,
16,Community,managal vasti,Constructed,PMC/016/CTB/332,,Yes,user fee+CSR+grand fund,manual feedback,Yes,Yes,,,,
16,Community,mangalwar vasti,Constructed,PMC/016/CTB/333,,Yes,user fee+CSR+grand fund,manual feedback,Yes,Yes,,,,
16,Community,mariam vasti,Constructed,PMC/016/CTB/334,,Yes,user fee+CSR+grand fund,manual feedback,Yes,Yes,,,,
16,Community,mariam nagar vasti,Constructed,PMC/016/CTB/335,,Yes,user fee+CSR+grand fund,manual feedback,Yes,Yes,,,,
16,Community,managalwar vasti,Constructed,PMC/016/CTB/336,,Yes,user fee+CSR+grand fund,manual feedback,Yes,Yes,,,,
16,Community,managalwar wasti,Constructed,PMC/016/CTB/337,,Yes,user fee+CSR+grand fund,manual feedback,Yes,Yes,,,,
16,Community,managalwar vasti,Constructed,PMC/016/CTB/338,,Yes,user fee+CSR+grand fund,manual feedback,Yes,Yes,,,,
16,Community,bhimnagar vasti,Constructed,PMC/016/CTB/339,,Yes,user fee+CSR+grand fund,manual feedback,Yes,Yes,,,,
16,Community,bhimnagar vasti,Constructed,PMC/016/CTB/340,,Yes,user fee+CSR+grand fund,manual feedback,Yes,Yes,,,,
16,Community,bhimnagar vasati,Constructed,PMC/016/CTB/341,,Yes,user fee+CSR+grand fund,manual feedback,Yes,Yes,,,,
16,Community,Gosawi vasati,Constructed,PMC/016/CTB/342,,Yes,user fee+CSR+grand fund,manual feedback,Yes,Yes,,,,
16,Community,akhil vasti,Constructed,PMC/016/CTB/343,,Yes,user fee+CSR+grand fund,manual feedback,Yes,Yes,,,,
16,Community,zuna bazar vasti 217,Constructed,PMC/016/CTB/344,,Yes,user fee+CSR+grand fund,manual feedback,Yes,Yes,,,,
16,Community,somwar peth,Constructed,PMC/016/CTB/345,,Yes,user fee+CSR+grand fund,manual feedback,Yes,Yes,,,,
16,Community,mangalwar peth,Constructed,PMC/016/CTB/346,,Yes,user fee+CSR+grand fund,manual feedback,Yes,Yes,,,,
17,Community,"darekar, ganesh peth",Constructed,PMC/017/CTB/347,,Yes,user fee+CSR+grand fund,manual feedback,Yes,Yes,,,,
17,Community,nana peth 107,Constructed,PMC/017/CTB/348,,Yes,user fee+CSR+grand fund,manual feedback,Yes,Yes,,,,
17,Community,21 papamiya ,Constructed,PMC/017/CTB/349,,Yes,user fee+CSR+grand fund,manual feedback,Yes,Yes,,,,
17,Community,kera nana peth,Constructed,PMC/017/CTB/350,,Yes,user fee+CSR+grand fund,manual feedback,Yes,Yes,,,,
17,Community,"261, bhandari bol",Constructed,PMC/017/CTB/351,,Yes,user fee+CSR+grand fund,manual feedback,Yes,Yes,,,,
17,Community,kamgar medan1145,Constructed,PMC/017/CTB/352,,Yes,user fee+CSR+grand fund,manual feedback,Yes,Yes,,,,
17,Community,"kaikar galli, 1111",Constructed,PMC/017/CTB/353,,Yes,user fee+CSR+grand fund,manual feedback,Yes,Yes,,,,
17,Community,chamde galli,Constructed,PMC/017/CTB/354,,Yes,user fee+CSR+grand fund,manual feedback,Yes,Yes,,,,
17,Community,"palkhi chowk, bhavani peth",Constructed,PMC/017/CTB/355,,Yes,user fee+CSR+grand fund,manual feedback,Yes,Yes,,,,
17,Community,menkar wada,Constructed,PMC/017/CTB/356,,Yes,user fee+CSR+grand fund,manual feedback,Yes,Yes,,,,
17,Community,menkar wada,Constructed,PMC/017/CTB/357,,Yes,user fee+CSR+grand fund,manual feedback,Yes,Yes,,,,
17,Community,menkar wada,Constructed,PMC/017/CTB/358,,Yes,user fee+CSR+grand fund,manual feedback,Yes,Yes,,,,
17,Community,menkar wada,Constructed,PMC/017/CTB/359,,Yes,user fee+CSR+grand fund,manual feedback,Yes,Yes,,,,
17,Community,menkar wada,Constructed,PMC/017/CTB/360,,Yes,user fee+CSR+grand fund,manual feedback,Yes,Yes,,,,
17,Community,"burudi pul, 1 ,ganesh peth",Constructed,PMC/017/CTB/361,,Yes,user fee+CSR+grand fund,manual feedback,Yes,Yes,,,,
17,Community,nade galli,Constructed,PMC/017/CTB/362,,Yes,user fee+CSR+grand fund,manual feedback,Yes,Yes,,,,
17,Community,"197,'ganesh peth",Constructed,PMC/017/CTB/363,,Yes,user fee+CSR+grand fund,manual feedback,Yes,Yes,,,,
17,Community,"juna bazar , ganesh peth",Constructed,PMC/017/CTB/364,,Yes,user fee+CSR+grand fund,manual feedback,Yes,Yes,,,,
17,Community,112 ganesh peth,Constructed,PMC/017/CTB/365,,Yes,user fee+CSR+grand fund,manual feedback,Yes,Yes,,,,
17,Community,"52, ganesh peth",Constructed,PMC/017/CTB/366,,Yes,user fee+CSR+grand fund,manual feedback,Yes,Yes,,,,
17,Community,"172 , ganesh peth",Constructed,PMC/017/CTB/367,,Yes,user fee+CSR+grand fund,manual feedback,Yes,Yes,,,,
17,Community,ganesh peth 540,Constructed,PMC/017/CTB/368,,Yes,user fee+CSR+grand fund,manual feedback,Yes,Yes,,,,
17,Community,1052 nanapeth,Constructed,PMC/017/CTB/369,,Yes,user fee+CSR+grand fund,manual feedback,Yes,Yes,,,,
17,Community, 1052 new nanapeth,Constructed,PMC/017/CTB/370,,Yes,user fee+CSR+grand fund,manual feedback,Yes,Yes,,,,
17,Community,700 nanapeth,Constructed,PMC/017/CTB/371,,Yes,user fee+CSR+grand fund,manual feedback,Yes,Yes,,,,
17,Community,raviwar peth,Constructed,PMC/017/CTB/372,,Yes,user fee+CSR+grand fund,manual feedback,Yes,Yes,,,,
17,Community,ganish peth,Constructed,PMC/017/CTB/373,,Yes,user fee+CSR+grand fund,manual feedback,Yes,Yes,,,,
17,Community,beidar ale raviwar peth,Constructed,PMC/017/CTB/374,,Yes,user fee+CSR+grand fund,manual feedback,Yes,Yes,,,,
17,Community,phadak haud,Constructed,PMC/017/CTB/375,,Yes,user fee+CSR+grand fund,manual feedback,Yes,Yes,,,,
18,Community,436 gurwar peth,Constructed,PMC/018/CTB/376,,Yes,user fee+CSR+grand fund,manual feedback,Yes,Yes,,,,
18,Community,325 gurwa peth,Constructed,PMC/018/CTB/377,,Yes,user fee+CSR+grand fund,manual feedback,Yes,Yes,,,,
18,Community,"633, ganjpeth",Constructed,PMC/018/CTB/378,,Yes,user fee+CSR+grand fund,manual feedback,Yes,Yes,,,,
18,Community,samatabhumi,Constructed,PMC/018/CTB/379,,Yes,user fee+CSR+grand fund,manual feedback,Yes,Yes,,,,
18,Community,timber market. 139,Constructed,PMC/018/CTB/380,,Yes,user fee+CSR+grand fund,manual feedback,Yes,Yes,,,,
18,Community,angarsha chotya takiya,Constructed,PMC/018/CTB/381,,Yes,user fee+CSR+grand fund,manual feedback,Yes,Yes,,,,
18,Community,chota tatya,Constructed,PMC/018/CTB/382,,Yes,user fee+CSR+grand fund,manual feedback,Yes,Yes,,,,
18,Community,288 ghorpade peth,Constructed,PMC/018/CTB/383,,Yes,user fee+CSR+grand fund,manual feedback,Yes,Yes,,,,
18,Community,365 ghorpadi peth,Constructed,PMC/018/CTB/384,,Yes,user fee+CSR+grand fund,manual feedback,Yes,Yes,,,,
18,Community,164 ghorpadi peth takiya,Constructed,PMC/018/CTB/385,,Yes,user fee+CSR+grand fund,manual feedback,Yes,Yes,,,,
18,Community,337 ghorpade peth,Constructed,PMC/018/CTB/386,,Yes,user fee+CSR+grand fund,manual feedback,Yes,Yes,,,,
18,Community,632 ganjpeth,Constructed,PMC/018/CTB/387,,Yes,user fee+CSR+grand fund,manual feedback,Yes,Yes,,,,
18,Community,raviwar peth,Constructed,PMC/018/CTB/388,,Yes,user fee+CSR+grand fund,manual feedback,Yes,Yes,,,,
19,Community,830 kshisajar wada,Constructed,PMC/019/CTB/389,,Yes,user fee+CSR+grand fund,manual feedback,Yes,Yes,,,,
19,Community,824 amatej reavasi sang,Constructed,PMC/019/CTB/390,,Yes,user fee+CSR+grand fund,manual feedback,Yes,Yes,,,,
19,Community,801 yakub nagar,Constructed,PMC/019/CTB/391,,Yes,user fee+CSR+grand fund,manual feedback,Yes,Yes,,,,
19,Community,774 kejale chawal,Constructed,PMC/019/CTB/392,,Yes,user fee+CSR+grand fund,manual feedback,Yes,Yes,,,,
19,Community,775 ganpat bhoi chawl,Constructed,PMC/019/CTB/393,,Yes,user fee+CSR+grand fund,manual feedback,Yes,Yes,,,,
19,Community,435 harka nagar,Constructed,PMC/019/CTB/394,,Yes,user fee+CSR+grand fund,manual feedback,Yes,Yes,,,,
19,Community,717 chudamantalim,Constructed,PMC/019/CTB/395,,Yes,user fee+CSR+grand fund,manual feedback,Yes,Yes,,,,
19,Community,718 chudamantalim,Constructed,PMC/019/CTB/396,,Yes,user fee+CSR+grand fund,manual feedback,Yes,Yes,,,,
19,Community,857 kamalmala,Constructed,PMC/019/CTB/397,,Yes,user fee+CSR+grand fund,manual feedback,Yes,Yes,,,,
19,Community,741 chudamantalim,Constructed,PMC/019/CTB/398,,Yes,user fee+CSR+grand fund,manual feedback,Yes,Yes,,,,
19,Community,735 chudamantalim,Constructed,PMC/019/CTB/399,,Yes,user fee+CSR+grand fund,manual feedback,Yes,Yes,,,,
19,Community,balaji mandir,Constructed,PMC/019/CTB/400,,Yes,user fee+CSR+grand fund,manual feedback,Yes,Yes,,,,
19,Community,jaibhim tarun mandal nanapeth,Constructed,PMC/019/CTB/401,,Yes,user fee+CSR+grand fund,manual feedback,Yes,Yes,,,,
19,Community,anabhau sathe vasti,Constructed,PMC/019/CTB/402,,Yes,user fee+CSR+grand fund,manual feedback,Yes,Yes,,,,
19,Community,"guru nanak , ",Constructed,PMC/019/CTB/403,,Yes,user fee+CSR+grand fund,manual feedback,Yes,Yes,,,,
19,Community,kasewaadi,Constructed,PMC/019/CTB/404,,Yes,user fee+CSR+grand fund,manual feedback,Yes,Yes,,,,
19,Community,kasewadi,Constructed,PMC/019/CTB/405,,Yes,user fee+CSR+grand fund,manual feedback,Yes,Yes,,,,
19,Community,kasewadi,Constructed,PMC/019/CTB/406,,Yes,user fee+CSR+grand fund,manual feedback,Yes,Yes,,,,
19,Community,kasewadi,Constructed,PMC/019/CTB/407,,Yes,user fee+CSR+grand fund,manual feedback,Yes,Yes,,,,
19,Community,lohiyanagar,Constructed,PMC/019/CTB/408,,Yes,user fee+CSR+grand fund,manual feedback,Yes,Yes,,,,
19,Community,inamkemala,Constructed,PMC/019/CTB/409,,Yes,user fee+CSR+grand fund,manual feedback,Yes,Yes,,,,
19,Community,kashiwadi,Constructed,PMC/019/CTB/410,,Yes,user fee+CSR+grand fund,manual feedback,Yes,Yes,,,,
19,Community,kashiwadi,Constructed,PMC/019/CTB/411,,Yes,user fee+CSR+grand fund,manual feedback,Yes,Yes,,,,
19,Community,kashewadi,Constructed,PMC/019/CTB/412,,Yes,user fee+CSR+grand fund,manual feedback,Yes,Yes,,,,
19,Community,kashewadi,Constructed,PMC/019/CTB/413,,Yes,user fee+CSR+grand fund,manual feedback,Yes,Yes,,,,
19,Community,lohiya nagar,Constructed,PMC/019/CTB/414,,Yes,user fee+CSR+grand fund,manual feedback,Yes,Yes,,,,
19,Community,kashewadi,Constructed,PMC/019/CTB/415,,Yes,user fee+CSR+grand fund,manual feedback,Yes,Yes,,,,
19,Community,sidharth nagar,Constructed,PMC/019/CTB/416,,Yes,user fee+CSR+grand fund,manual feedback,Yes,Yes,,,,
19,Community,munjabawasti,Constructed,PMC/019/CTB/417,,Yes,user fee+CSR+grand fund,manual feedback,Yes,Yes,,,,
20,Community,777 watch mekar chawl,Constructed,PMC/020/CTB/418,,Yes,user fee+CSR+grand fund,manual feedback,Yes,Yes,,,,
20,Community,1049 new nanapeth ,Constructed,PMC/020/CTB/419,,Yes,user fee+CSR+grand fund,manual feedback,Yes,Yes,,,,
20,Community,830 rajwadi,Constructed,PMC/020/CTB/420,,Yes,user fee+CSR+grand fund,manual feedback,Yes,Yes,,,,
20,Community,919 nana peth,Constructed,PMC/020/CTB/421,,Yes,user fee+CSR+grand fund,manual feedback,Yes,Yes,,,,
20,Community,395  borade ali,Constructed,PMC/020/CTB/422,,Yes,user fee+CSR+grand fund,manual feedback,Yes,Yes,,,,
20,Community,109 gadi aada,Constructed,PMC/020/CTB/423,,Yes,user fee+CSR+grand fund,manual feedback,Yes,Yes,,,,
20,Community,somwar peth,Constructed,PMC/020/CTB/424,,Yes,user fee+CSR+grand fund,manual feedback,Yes,Yes,,,,
20,Community,somwar peth,Constructed,PMC/020/CTB/425,,Yes,user fee+CSR+grand fund,manual feedback,Yes,Yes,,,,
20,Community,somwar peth,Constructed,PMC/020/CTB/426,,Yes,user fee+CSR+grand fund,manual feedback,Yes,Yes,,,,
20,Community,panmala vasti,Constructed,PMC/020/CTB/427,,Yes,user fee+CSR+grand fund,manual feedback,Yes,Yes,,,,
20,Community,bhaji market vasti,Constructed,PMC/020/CTB/428,,Yes,user fee+CSR+grand fund,manual feedback,Yes,Yes,,,,
20,Community,shanti nagar2,Constructed,PMC/020/CTB/429,,Yes,user fee+CSR+grand fund,manual feedback,Yes,Yes,,,,
20,Community,shanti nagar,Constructed,PMC/020/CTB/430,,Yes,user fee+CSR+grand fund,manual feedback,Yes,Yes,,,,
20,Community,bhimsangtana vasti,Constructed,PMC/020/CTB/431,,Yes,user fee+CSR+grand fund,manual feedback,Yes,Yes,,,,
20,Community,sai baba mandir,Constructed,PMC/020/CTB/432,,Yes,user fee+CSR+grand fund,manual feedback,Yes,Yes,,,,
20,Community,rajratna turan vasti,Constructed,PMC/020/CTB/433,,Yes,user fee+CSR+grand fund,manual feedback,Yes,Yes,,,,
20,Community,sai baba mandir,Constructed,PMC/020/CTB/434,,Yes,user fee+CSR+grand fund,manual feedback,Yes,Yes,,,,
20,Community,bhimsangtana vasti,Constructed,PMC/020/CTB/435,,Yes,user fee+CSR+grand fund,manual feedback,Yes,Yes,,,,
20,Community,swiipar vasti,Constructed,PMC/020/CTB/436,,Yes,user fee+CSR+grand fund,manual feedback,Yes,Yes,,,,
20,Community,shurveer vasti,Constructed,PMC/020/CTB/437,,Yes,user fee+CSR+grand fund,manual feedback,Yes,Yes,,,,
20,Community,shurvir vasti,Constructed,PMC/020/CTB/438,,Yes,user fee+CSR+grand fund,manual feedback,Yes,Yes,,,,
20,Community,khadda vasti,Constructed,PMC/020/CTB/439,,Yes,user fee+CSR+grand fund,manual feedback,Yes,Yes,,,,
20,Community,sheteshwar mandal,Constructed,PMC/020/CTB/440,,Yes,user fee+CSR+grand fund,manual feedback,Yes,Yes,,,,
20,Community,sariputta  vasti,Constructed,PMC/020/CTB/441,,Yes,user fee+CSR+grand fund,manual feedback,Yes,Yes,,,,
20,Community,vishwadeep vasti,Constructed,PMC/020/CTB/442,,Yes,user fee+CSR+grand fund,manual feedback,Yes,Yes,,,,
20,Community,bal mitra mandal,Constructed,PMC/020/CTB/443,,Yes,user fee+CSR+grand fund,manual feedback,Yes,Yes,,,,
20,Community,mahatmaphule vasati,Constructed,PMC/020/CTB/444,,Yes,user fee+CSR+grand fund,manual feedback,Yes,Yes,,,,
20,Community,mahatmaphule vasti,Constructed,PMC/020/CTB/445,,Yes,user fee+CSR+grand fund,manual feedback,Yes,Yes,,,,
20,Community,matmuphule vasti,Constructed,PMC/020/CTB/446,,Yes,user fee+CSR+grand fund,manual feedback,Yes,Yes,,,,
20,Community,inamnagar vasti,Constructed,PMC/020/CTB/447,,Yes,user fee+CSR+grand fund,manual feedback,Yes,Yes,,,,
20,Community,inamnagar vasti,Constructed,PMC/020/CTB/448,,Yes,user fee+CSR+grand fund,manual feedback,Yes,Yes,,,,
20,Community,adarsh nagar,Constructed,PMC/020/CTB/449,,Yes,user fee+CSR+grand fund,manual feedback,Yes,Yes,,,,
20,Community,adarsh vasti,Constructed,PMC/020/CTB/450,,Yes,user fee+CSR+grand fund,manual feedback,Yes,Yes,,,,
20,Community,limbuni nagar patra chal,Constructed,PMC/020/CTB/451,,Yes,user fee+CSR+grand fund,manual feedback,Yes,Yes,,,,
20,Community,limbuni nagar patra chal,Constructed,PMC/020/CTB/452,,Yes,user fee+CSR+grand fund,manual feedback,Yes,Yes,,,,
20,Community,nimbuni baudh vihar patra chal,Constructed,PMC/020/CTB/453,,Yes,user fee+CSR+grand fund,manual feedback,Yes,Yes,,,,
20,Community,vishwadeep vasti,Constructed,PMC/020/CTB/454,,Yes,user fee+CSR+grand fund,manual feedback,Yes,Yes,,,,
20,Community,vishwadeep vasti,Constructed,PMC/020/CTB/455,,Yes,user fee+CSR+grand fund,manual feedback,Yes,Yes,,,,
20,Community,chavan vasti,Constructed,PMC/020/CTB/456,,Yes,user fee+CSR+grand fund,manual feedback,Yes,Yes,,,,
20,Community,somwar peth,Constructed,PMC/020/CTB/457,,Yes,user fee+CSR+grand fund,manual feedback,Yes,Yes,,,,
20,Community,naidu servant quarters,Constructed,PMC/020/CTB/458,,Yes,user fee+CSR+grand fund,manual feedback,Yes,Yes,,,,
20,Community,inside kailash smashan bhumi awae,Constructed,PMC/020/CTB/459,,Yes,user fee+CSR+grand fund,manual feedback,Yes,Yes,,,,
20,Community,niadu vasti,Constructed,PMC/020/CTB/460,,Yes,user fee+CSR+grand fund,manual feedback,Yes,Yes,,,,
21,Community,darawade mala vasti,Constructed,PMC/021/CTB/461,,Yes,user fee+CSR+grand fund,manual feedback,Yes,Yes,,,,
21,Community,kavdevadi vasti,Constructed,PMC/021/CTB/462,,Yes,user fee+CSR+grand fund,manual feedback,Yes,Yes,,,,
21,Community,kavdewadi vasti,Constructed,PMC/021/CTB/463,,Yes,user fee+CSR+grand fund,manual feedback,Yes,Yes,,,,
21,Community,burning ghat road,Constructed,PMC/021/CTB/464,,Yes,user fee+CSR+grand fund,manual feedback,Yes,Yes,,,,
21,Community,burning chat vasti,Constructed,PMC/021/CTB/465,,Yes,user fee+CSR+grand fund,manual feedback,Yes,Yes,,,,
21,Community,bund garden ,Constructed,PMC/021/CTB/466,,Yes,user fee+CSR+grand fund,manual feedback,Yes,Yes,,,,
21,Community,shahupath vasti,Constructed,PMC/021/CTB/467,,Yes,user fee+CSR+grand fund,manual feedback,Yes,Yes,,,,
21,Community,lokseva vasati,Constructed,PMC/021/CTB/468,,Yes,user fee+CSR+grand fund,manual feedback,Yes,Yes,,,,
21,Community,ulhas nagar vasti,Constructed,PMC/021/CTB/469,,Yes,user fee+CSR+grand fund,manual feedback,Yes,Yes,,,,
21,Community,kapila  dairy,Constructed,PMC/021/CTB/470,,Yes,user fee+CSR+grand fund,manual feedback,Yes,Yes,,,,
21,Community,lokseva vasti,Constructed,PMC/021/CTB/471,,Yes,user fee+CSR+grand fund,manual feedback,Yes,Yes,,,,
21,Community,lokseva vasti,Constructed,PMC/021/CTB/472,,Yes,user fee+CSR+grand fund,manual feedback,Yes,Yes,,,,
21,Community,lokseva vasati,Constructed,PMC/021/CTB/473,,Yes,user fee+CSR+grand fund,manual feedback,Yes,Yes,,,,
21,Community,"Ramoshi, Jaiprakash, Vasahat",Constructed,PMC/021/CTB/474,,Yes,user fee+CSR+grand fund,manual feedback,Yes,Yes,,,,
21,Community,sathenagar vasti,Constructed,PMC/021/CTB/475,,Yes,user fee+CSR+grand fund,manual feedback,Yes,Yes,,,,
21,Community,sathe nagar tarode vasti ,Constructed,PMC/021/CTB/476,,Yes,user fee+CSR+grand fund,manual feedback,Yes,Yes,,,,
22,Community,supekar vasti,Constructed,PMC/022/CTB/477,,Yes,user fee+CSR+grand fund,manual feedback,Yes,Yes,,,,
22,Community,supekar vasti,Constructed,PMC/022/CTB/478,,Yes,user fee+CSR+grand fund,manual feedback,Yes,Yes,,,,
22,Community,hadpsar  nagar,Constructed,PMC/022/CTB/479,,Yes,user fee+CSR+grand fund,manual feedback,Yes,Yes,,,,
22,Community,ghat vasti,Constructed,PMC/022/CTB/480,,Yes,user fee+CSR+grand fund,manual feedback,Yes,Yes,,,,
22,Community,Jay nagar,Constructed,PMC/022/CTB/481,,Yes,user fee+CSR+grand fund,manual feedback,Yes,Yes,,,,
22,Community,jay prkash nagar,Constructed,PMC/022/CTB/482,,Yes,user fee+CSR+grand fund,manual feedback,Yes,Yes,,,,
22,Community,jadhav wada,Constructed,PMC/022/CTB/483,,Yes,user fee+CSR+grand fund,manual feedback,Yes,Yes,,,,
22,Community,jadhav nagar,Constructed,PMC/022/CTB/484,,Yes,user fee+CSR+grand fund,manual feedback,Yes,Yes,,,,
22,Community,mundwa back side,Constructed,PMC/022/CTB/485,,Yes,user fee+CSR+grand fund,manual feedback,Yes,Yes,,,,
22,Community,ghorpadi Rd,Constructed,PMC/022/CTB/486,,Yes,user fee+CSR+grand fund,manual feedback,Yes,Yes,,,,
22,Community,hadpsar,Constructed,PMC/022/CTB/487,,Yes,user fee+CSR+grand fund,manual feedback,Yes,Yes,,,,
22,Community,jadhav wasti,Constructed,PMC/022/CTB/488,,Yes,user fee+CSR+grand fund,manual feedback,Yes,Yes,,,,
22,Community,Khajure Wasti,Constructed,PMC/022/CTB/489,,Yes,user fee+CSR+grand fund,manual feedback,Yes,Yes,,,,
22,Community,adarsh vasti,Constructed,PMC/022/CTB/490,,Yes,user fee+CSR+grand fund,manual feedback,Yes,Yes,,,,
22,Community,adarsh vasti,Constructed,PMC/022/CTB/491,,Yes,user fee+CSR+grand fund,manual feedback,Yes,Yes,,,,
22,Community,Adarsh Vasti,Constructed,PMC/022/CTB/492,,Yes,user fee+CSR+grand fund,manual feedback,Yes,Yes,,,,
22,Community,Malvadi vasti,Constructed,PMC/022/CTB/493,,Yes,user fee+CSR+grand fund,manual feedback,Yes,Yes,,,,
22,Community,Malvadi vasti,Constructed,PMC/022/CTB/494,,Yes,user fee+CSR+grand fund,manual feedback,Yes,Yes,,,,
22,Community,Malvadi vasti,Constructed,PMC/022/CTB/495,,Yes,user fee+CSR+grand fund,manual feedback,Yes,Yes,,,,
22,Community,Malwadi Vasti,Constructed,PMC/022/CTB/496,,Yes,user fee+CSR+grand fund,manual feedback,Yes,Yes,,,,
22,Community,Janata vasati,Constructed,PMC/022/CTB/497,,Yes,user fee+CSR+grand fund,manual feedback,Yes,Yes,,,,
22,Community,sadhunana vasti,Constructed,PMC/022/CTB/498,,Yes,user fee+CSR+grand fund,manual feedback,Yes,Yes,,,,
22,Community,nilesh vasti,Constructed,PMC/022/CTB/499,,Yes,user fee+CSR+grand fund,manual feedback,Yes,Yes,,,,
22,Community,pmc arogya koti vasti,Constructed,PMC/022/CTB/500,,Yes,user fee+CSR+grand fund,manual feedback,Yes,Yes,,,,
22,Community,dagde houd vasti,Constructed,PMC/022/CTB/501,,Yes,user fee+CSR+grand fund,manual feedback,Yes,Yes,,,,
22,Community,keshav chowk vasti,Constructed,PMC/022/CTB/502,,Yes,user fee+CSR+grand fund,manual feedback,Yes,Yes,,,,
22,Community,saneguruji vasati,Constructed,PMC/022/CTB/503,,Yes,user fee+CSR+grand fund,manual feedback,Yes,Yes,,,,
22,Community,Jijamata vasahat,Constructed,PMC/022/CTB/504,,Yes,user fee+CSR+grand fund,manual feedback,Yes,Yes,,,,
22,Community,dattatupe vasti,Constructed,PMC/022/CTB/505,,Yes,user fee+CSR+grand fund,manual feedback,Yes,Yes,,,,
23,Community,Mahatma Phule Nagar,Constructed,PMC/023/CTB/506,,Yes,user fee+CSR+grand fund,manual feedback,Yes,Yes,,,,
23,Community,Ramoshi Ali,Constructed,PMC/023/CTB/507,,Yes,user fee+CSR+grand fund,manual feedback,Yes,Yes,,,,
23,Community,Vihar Ali,Constructed,PMC/023/CTB/508,,Yes,user fee+CSR+grand fund,manual feedback,Yes,Yes,,,,
23,Community,Matang Vasti,Constructed,PMC/023/CTB/509,,Yes,user fee+CSR+grand fund,manual feedback,Yes,Yes,,,,
23,Community,Hadapsar vasti,Constructed,PMC/023/CTB/510,,Yes,user fee+CSR+grand fund,manual feedback,Yes,Yes,,,,
23,Community,Hadapsar vasti,Constructed,PMC/023/CTB/511,,Yes,user fee+CSR+grand fund,manual feedback,Yes,Yes,,,,
23,Community,Hadapsar vasti,Constructed,PMC/023/CTB/512,,Yes,user fee+CSR+grand fund,manual feedback,Yes,Yes,,,,
23,Community,tukai darshan,Constructed,PMC/023/CTB/513,,Yes,user fee+CSR+grand fund,manual feedback,Yes,Yes,,,,
23,Community,hadapsar gadi tal vasati,Constructed,PMC/023/CTB/514,,Yes,user fee+CSR+grand fund,manual feedback,Yes,Yes,,,,
23,Community,pandhare mala ,Constructed,PMC/023/CTB/515,,Yes,user fee+CSR+grand fund,manual feedback,Yes,Yes,,,,
23,Community,Davari nagar,Constructed,PMC/023/CTB/516,,Yes,user fee+CSR+grand fund,manual feedback,Yes,Yes,,,,
23,Community,pandhare mala ,Constructed,PMC/023/CTB/517,,Yes,user fee+CSR+grand fund,manual feedback,Yes,Yes,,,,
23,Community,Akash colony shanti sagar vasahat,Constructed,PMC/023/CTB/518,,Yes,user fee+CSR+grand fund,manual feedback,Yes,Yes,,,,
23,Community,tuljabhavani zopadpatti,Constructed,PMC/023/CTB/519,,Yes,user fee+CSR+grand fund,manual feedback,Yes,Yes,,,,
23,Community,vetalbaba gadital hadapsar ,Constructed,PMC/023/CTB/520,,Yes,user fee+CSR+grand fund,manual feedback,Yes,Yes,,,,
23,Community,vetalbaba gadital ,Constructed,PMC/023/CTB/521,,Yes,user fee+CSR+grand fund,manual feedback,Yes,Yes,,,,
23,Community,vetalbaba ,Constructed,PMC/023/CTB/522,,Yes,user fee+CSR+grand fund,manual feedback,Yes,Yes,,,,
23,Community,fakira garegae gadital hadapsar ,Constructed,PMC/023/CTB/523,,Yes,user fee+CSR+grand fund,manual feedback,Yes,Yes,,,,
23,Community,punjab singh gadital hadapsar,Constructed,PMC/023/CTB/524,,Yes,user fee+CSR+grand fund,manual feedback,Yes,Yes,,,,
23,Community,utkarsh nagar gatital hadapsar,Constructed,PMC/023/CTB/525,,Yes,user fee+CSR+grand fund,manual feedback,Yes,Yes,,,,
23,Community,kale borate nagar sr no 25,Constructed,PMC/023/CTB/526,,Yes,user fee+CSR+grand fund,manual feedback,Yes,Yes,,,,
23,Community,kale padal sr no 39,Constructed,PMC/023/CTB/527,,Yes,user fee+CSR+grand fund,manual feedback,Yes,Yes,,,,
24,Community,Vaidhwadi,Constructed,PMC/024/CTB/528,,Yes,user fee+CSR+grand fund,manual feedback,Yes,Yes,,,,
24,Community,Gosavi Vasti,Constructed,PMC/024/CTB/529,,Yes,user fee+CSR+grand fund,manual feedback,Yes,Yes,,,,
24,Community,Gosavi Vasti,Constructed,PMC/024/CTB/530,,Yes,user fee+CSR+grand fund,manual feedback,Yes,Yes,,,,
24,Community,Alkunte Vasti,Constructed,PMC/024/CTB/531,,Yes,user fee+CSR+grand fund,manual feedback,Yes,Yes,,,,
24,Community,Alkunte Vastu,Constructed,PMC/024/CTB/532,,Yes,user fee+CSR+grand fund,manual feedback,Yes,Yes,,,,
24,Community,Shankar Math Canel,Constructed,PMC/024/CTB/533,,Yes,user fee+CSR+grand fund,manual feedback,Yes,Yes,,,,
24,Community,"Bharadi Vasti, Vaidhwadi",Constructed,PMC/024/CTB/534,,Yes,user fee+CSR+grand fund,manual feedback,Yes,Yes,,,,
24,Community,"Udasin Garh, Ramtekdi",Constructed,PMC/024/CTB/535,,Yes,user fee+CSR+grand fund,manual feedback,Yes,Yes,,,,
24,Community,Ramtekdi,Constructed,PMC/024/CTB/536,,Yes,user fee+CSR+grand fund,manual feedback,Yes,Yes,,,,
24,Community,Ramtekdi,Constructed,PMC/024/CTB/537,,Yes,user fee+CSR+grand fund,manual feedback,Yes,Yes,,,,
24,Community,Thomre Vasti,Constructed,PMC/024/CTB/538,,Yes,user fee+CSR+grand fund,manual feedback,Yes,Yes,,,,
24,Community,Valmik Vasti,Constructed,PMC/024/CTB/539,,Yes,user fee+CSR+grand fund,manual feedback,Yes,Yes,,,,
24,Community,Sonal Vasti,Constructed,PMC/024/CTB/540,,Yes,user fee+CSR+grand fund,manual feedback,Yes,Yes,,,,
24,Community,Ramtekdi,Constructed,PMC/024/CTB/541,,Yes,user fee+CSR+grand fund,manual feedback,Yes,Yes,,,,
24,Community,Tombre Vasti,Constructed,PMC/024/CTB/542,,Yes,user fee+CSR+grand fund,manual feedback,Yes,Yes,,,,
24,Community,Shah Wasti,Constructed,PMC/024/CTB/543,,Yes,user fee+CSR+grand fund,manual feedback,Yes,Yes,,,,
24,Community,Ramnagar,Constructed,PMC/024/CTB/544,,Yes,user fee+CSR+grand fund,manual feedback,Yes,Yes,,,,
24,Community,Ramnagar,Constructed,PMC/024/CTB/545,,Yes,user fee+CSR+grand fund,manual feedback,Yes,Yes,,,,
24,Community,Ramnagar,Constructed,PMC/024/CTB/546,,Yes,user fee+CSR+grand fund,manual feedback,Yes,Yes,,,,
24,Community,Anand Nagar,Constructed,PMC/024/CTB/547,,Yes,user fee+CSR+grand fund,manual feedback,Yes,Yes,,,,
24,Community,Ramnagar,Constructed,PMC/024/CTB/548,,Yes,user fee+CSR+grand fund,manual feedback,Yes,Yes,,,,
24,Community,Ramnagar,Constructed,PMC/024/CTB/549,,Yes,user fee+CSR+grand fund,manual feedback,Yes,Yes,,,,
24,Community,"Ramnagar,",Constructed,PMC/024/CTB/550,,Yes,user fee+CSR+grand fund,manual feedback,Yes,Yes,,,,
25,Community,Kamela,Constructed,PMC/025/CTB/551,,Yes,user fee+CSR+grand fund,manual feedback,Yes,Yes,,,,
25,Community,"Tadi Mala, Shinde Chatri",Constructed,PMC/025/CTB/552,,Yes,user fee+CSR+grand fund,manual feedback,Yes,Yes,,,,
25,Community,Shinde Chatri,Constructed,PMC/025/CTB/553,,Yes,user fee+CSR+grand fund,manual feedback,Yes,Yes,,,,
25,Community,Hole Vasti,Constructed,PMC/025/CTB/554,,Yes,user fee+CSR+grand fund,manual feedback,Yes,Yes,,,,
26,Community,sathe nagar trode vasti,Constructed,PMC/026/CTB/555,,Yes,user fee+CSR+grand fund,manual feedback,Yes,Yes,,,,
26,Community,vignaharta palace ,Constructed,PMC/026/CTB/556,,Yes,user fee+CSR+grand fund,manual feedback,Yes,Yes,,,,
26,Community,varkar mala ,Constructed,PMC/026/CTB/557,,Yes,user fee+CSR+grand fund,manual feedback,Yes,Yes,,,,
26,Community,Mahatma Phule Wasahat,Constructed,PMC/026/CTB/558,,Yes,user fee+CSR+grand fund,manual feedback,Yes,Yes,,,,
26,Community,Mahatma Phule Wasahat,Constructed,PMC/026/CTB/559,,Yes,user fee+CSR+grand fund,manual feedback,Yes,Yes,,,,
26,Community,Siddharth Nagar,Constructed,PMC/026/CTB/560,,Yes,user fee+CSR+grand fund,manual feedback,Yes,Yes,,,,
26,Community,Khalchi Ali,Constructed,PMC/026/CTB/561,,Yes,user fee+CSR+grand fund,manual feedback,Yes,Yes,,,,
26,Community,Buddha Vasti,Constructed,PMC/026/CTB/562,,Yes,user fee+CSR+grand fund,manual feedback,Yes,Yes,,,,
26,Community,"Shivshakti mitra Mandalay. 46 ward, Wanawdi",Constructed,PMC/026/CTB/563,,Yes,user fee+CSR+grand fund,manual feedback,Yes,Yes,,,,
26,Community,Bhimnagar Vasahat,Constructed,PMC/026/CTB/564,,Yes,user fee+CSR+grand fund,manual feedback,Yes,Yes,,,,
26,Community,Bhimshakti,Constructed,PMC/026/CTB/565,,Yes,user fee+CSR+grand fund,manual feedback,Yes,Yes,,,,
27,Community,Bhairavnath,Constructed,PMC/027/CTB/566,,Yes,user fee+CSR+grand fund,manual feedback,Yes,Yes,,,,
27,Community,Kate Chawl,Constructed,PMC/027/CTB/567,,Yes,user fee+CSR+grand fund,manual feedback,Yes,Yes,,,,
28,Community,yasijuk darga,Constructed,PMC/028/CTB/568,,Yes,user fee+CSR+grand fund,manual feedback,Yes,Yes,,,,
28,Community,1930 daisplat,Constructed,PMC/028/CTB/569,,Yes,user fee+CSR+grand fund,manual feedback,Yes,Yes,,,,
28,Community,544 dholemala,Constructed,PMC/028/CTB/570,,Yes,user fee+CSR+grand fund,manual feedback,Yes,Yes,,,,
28,Community,1930 dholemal,Constructed,PMC/028/CTB/571,,Yes,user fee+CSR+grand fund,manual feedback,Yes,Yes,,,,
28,Community,1930 daisplat,Constructed,PMC/028/CTB/572,,Yes,user fee+CSR+grand fund,manual feedback,Yes,Yes,,,,
28,Community,1930 dholemal,Constructed,PMC/028/CTB/573,,Yes,user fee+CSR+grand fund,manual feedback,Yes,Yes,,,,
28,Community,1930 dholemala,Constructed,PMC/028/CTB/574,,Yes,user fee+CSR+grand fund,manual feedback,Yes,Yes,,,,
28,Community,salisbari park,Constructed,PMC/028/CTB/575,,Yes,user fee+CSR+grand fund,manual feedback,Yes,Yes,,,,
28,Community,Siddharth nagar,Constructed,PMC/028/CTB/576,,Yes,user fee+CSR+grand fund,manual feedback,Yes,Yes,,,,
28,Community,Siddharth vasahat,Constructed,PMC/028/CTB/577,,Yes,user fee+CSR+grand fund,manual feedback,Yes,Yes,,,,
28,Community,Gultekadi,Constructed,PMC/028/CTB/578,,Yes,user fee+CSR+grand fund,manual feedback,Yes,Yes,,,,
28,Community,Indira Nagar,Constructed,PMC/028/CTB/579,,Yes,user fee+CSR+grand fund,manual feedback,Yes,Yes,,,,
28,Community,indira nagar,Constructed,PMC/028/CTB/580,,Yes,user fee+CSR+grand fund,manual feedback,Yes,Yes,,,,
28,Community,Audyogik Vsahat,Constructed,PMC/028/CTB/581,,Yes,user fee+CSR+grand fund,manual feedback,Yes,Yes,,,,
28,Community,Audyogik vasahat,Constructed,PMC/028/CTB/582,,Yes,user fee+CSR+grand fund,manual feedback,Yes,Yes,,,,
28,Community,Gultekadi,Constructed,PMC/028/CTB/583,,Yes,user fee+CSR+grand fund,manual feedback,Yes,Yes,,,,
29,Community,Parvati darshan nagar,Constructed,PMC/029/CTB/584,,Yes,user fee+CSR+grand fund,manual feedback,Yes,Yes,,,,
29,Community,parvati darshan nagar,Constructed,PMC/029/CTB/585,,Yes,user fee+CSR+grand fund,manual feedback,Yes,Yes,,,,
29,Community,Parvati darshan nagar,Constructed,PMC/029/CTB/586,,Yes,user fee+CSR+grand fund,manual feedback,Yes,Yes,,,,
29,Community,Parvati darshan nagar,Constructed,PMC/029/CTB/587,,Yes,user fee+CSR+grand fund,manual feedback,Yes,Yes,,,,
29,Community,Parvati nagar,Constructed,PMC/029/CTB/588,,Yes,user fee+CSR+grand fund,manual feedback,Yes,Yes,,,,
29,Community,Parvati darshan,Constructed,PMC/029/CTB/589,,Yes,user fee+CSR+grand fund,manual feedback,Yes,Yes,,,,
29,Community,patil nagar,Constructed,PMC/029/CTB/590,,Yes,user fee+CSR+grand fund,manual feedback,Yes,Yes,,,,
29,Community,shastri road,Constructed,PMC/029/CTB/591,,Yes,user fee+CSR+grand fund,manual feedback,Yes,Yes,,,,
29,Community,patil nagar,Constructed,PMC/029/CTB/592,,Yes,user fee+CSR+grand fund,manual feedback,Yes,Yes,,,,
29,Community,parti,Constructed,PMC/029/CTB/593,,Yes,user fee+CSR+grand fund,manual feedback,Yes,Yes,,,,
29,Community,parvti,Constructed,PMC/029/CTB/594,,Yes,user fee+CSR+grand fund,manual feedback,Yes,Yes,,,,
30,Community,pan mala,Constructed,PMC/030/CTB/595,,Yes,user fee+CSR+grand fund,manual feedback,Yes,Yes,,,,
30,Community,rajiv gandhi nagar ,Constructed,PMC/030/CTB/596,,Yes,user fee+CSR+grand fund,manual feedback,Yes,Yes,,,,
30,Community,pan mala zopadpati ,Constructed,PMC/030/CTB/597,,Yes,user fee+CSR+grand fund,manual feedback,Yes,Yes,,,,
30,Community,pan mala zopadpati ,Constructed,PMC/030/CTB/598,,Yes,user fee+CSR+grand fund,manual feedback,Yes,Yes,,,,
30,Community,Jay bhawani nagar ,Constructed,PMC/030/CTB/599,,Yes,user fee+CSR+grand fund,manual feedback,Yes,Yes,,,,
30,Community,janta vasahat ,Constructed,PMC/030/CTB/600,,Yes,user fee+CSR+grand fund,manual feedback,Yes,Yes,,,,
30,Community,janta ,Constructed,PMC/030/CTB/601,,Yes,user fee+CSR+grand fund,manual feedback,Yes,Yes,,,,
30,Community,janta vasahat ,Constructed,PMC/030/CTB/602,,Yes,user fee+CSR+grand fund,manual feedback,Yes,Yes,,,,
30,Community,janta vasahat ,Constructed,PMC/030/CTB/603,,Yes,user fee+CSR+grand fund,manual feedback,Yes,Yes,,,,
30,Community,janta vasahat ,Constructed,PMC/030/CTB/604,,Yes,user fee+CSR+grand fund,manual feedback,Yes,Yes,,,,
30,Community,aazad mitra mandal ,Constructed,PMC/030/CTB/605,,Yes,user fee+CSR+grand fund,manual feedback,Yes,Yes,,,,
30,Community,janta vasahat ,Constructed,PMC/030/CTB/606,,Yes,user fee+CSR+grand fund,manual feedback,Yes,Yes,,,,
30,Community,Jay bhawani vasahat ,Constructed,PMC/030/CTB/607,,Yes,user fee+CSR+grand fund,manual feedback,Yes,Yes,,,,
30,Community,Jay bhawani vasahat ,Constructed,PMC/030/CTB/608,,Yes,user fee+CSR+grand fund,manual feedback,Yes,Yes,,,,
30,Community,janta vasahat jadhav vasti ,Constructed,PMC/030/CTB/609,,Yes,user fee+CSR+grand fund,manual feedback,Yes,Yes,,,,
30,Community,janta vasahat ,Constructed,PMC/030/CTB/610,,Yes,user fee+CSR+grand fund,manual feedback,Yes,Yes,,,,
30,Community,janta vasahat ,Constructed,PMC/030/CTB/611,,Yes,user fee+CSR+grand fund,manual feedback,Yes,Yes,,,,
30,Community,janta vasahat ,Constructed,PMC/030/CTB/612,,Yes,user fee+CSR+grand fund,manual feedback,Yes,Yes,,,,
30,Community,janta vasahat ,Constructed,PMC/030/CTB/613,,Yes,user fee+CSR+grand fund,manual feedback,Yes,Yes,,,,
30,Community,janta vasahat ,Constructed,PMC/030/CTB/614,,Yes,user fee+CSR+grand fund,manual feedback,Yes,Yes,,,,
30,Community,dandekar bridge,Constructed,PMC/030/CTB/615,,Yes,user fee+CSR+grand fund,manual feedback,Yes,Yes,,,,
30,Community,janta vasahat ,Constructed,PMC/030/CTB/616,,Yes,user fee+CSR+grand fund,manual feedback,Yes,Yes,,,,
30,Community,dandekar bridge,Constructed,PMC/030/CTB/617,,Yes,user fee+CSR+grand fund,manual feedback,Yes,Yes,,,,
30,Community,janta vasahat ,Constructed,PMC/030/CTB/618,,Yes,user fee+CSR+grand fund,manual feedback,Yes,Yes,,,,
30,Community,dandekar bridge,Constructed,PMC/030/CTB/619,,Yes,user fee+CSR+grand fund,manual feedback,Yes,Yes,,,,
30,Community,dattwadi,Constructed,PMC/030/CTB/620,,Yes,user fee+CSR+grand fund,manual feedback,Yes,Yes,,,,
30,Community,janta vasahat ,Constructed,PMC/030/CTB/621,,Yes,user fee+CSR+grand fund,manual feedback,Yes,Yes,,,,
30,Community,dattwadi,Constructed,PMC/030/CTB/622,,Yes,user fee+CSR+grand fund,manual feedback,Yes,Yes,,,,
30,Community,janta vasahat ,Constructed,PMC/030/CTB/623,,Yes,user fee+CSR+grand fund,manual feedback,Yes,Yes,,,,
30,Community,dattwadi,Constructed,PMC/030/CTB/624,,Yes,user fee+CSR+grand fund,manual feedback,Yes,Yes,,,,
30,Community,janta vasahat ,Constructed,PMC/030/CTB/625,,Yes,user fee+CSR+grand fund,manual feedback,Yes,Yes,,,,
30,Community,janta vasahat ,Constructed,PMC/030/CTB/626,,Yes,user fee+CSR+grand fund,manual feedback,Yes,Yes,,,,
30,Community,dattwadi,Constructed,PMC/030/CTB/627,,Yes,user fee+CSR+grand fund,manual feedback,Yes,Yes,,,,
30,Community,old dattwadi,Constructed,PMC/030/CTB/628,,Yes,user fee+CSR+grand fund,manual feedback,Yes,Yes,,,,
30,Community,janta vasahat ,Constructed,PMC/030/CTB/629,,Yes,user fee+CSR+grand fund,manual feedback,Yes,Yes,,,,
30,Community,savitribai fule,Constructed,PMC/030/CTB/630,,Yes,user fee+CSR+grand fund,manual feedback,Yes,Yes,,,,
30,Community,dattwadi,Constructed,PMC/030/CTB/631,,Yes,user fee+CSR+grand fund,manual feedback,Yes,Yes,,,,
30,Community,dattwadi,Constructed,PMC/030/CTB/632,,Yes,user fee+CSR+grand fund,manual feedback,Yes,Yes,,,,
30,Community,shahu nagar,Constructed,PMC/030/CTB/633,,Yes,user fee+CSR+grand fund,manual feedback,Yes,Yes,,,,
30,Community,dattwadi,Constructed,PMC/030/CTB/634,,Yes,user fee+CSR+grand fund,manual feedback,Yes,Yes,,,,
30,Community,gamdhinagar,Constructed,PMC/030/CTB/635,,Yes,user fee+CSR+grand fund,manual feedback,Yes,Yes,,,,
30,Community,dattwadi,Constructed,PMC/030/CTB/636,,Yes,user fee+CSR+grand fund,manual feedback,Yes,Yes,,,,
30,Community,ganpati nagar,Constructed,PMC/030/CTB/637,,Yes,user fee+CSR+grand fund,manual feedback,Yes,Yes,,,,
30,Community,dattwadi ,Constructed,PMC/030/CTB/638,,Yes,user fee+CSR+grand fund,manual feedback,Yes,Yes,,,,
30,Community,samta nagar,Constructed,PMC/030/CTB/639,,Yes,user fee+CSR+grand fund,manual feedback,Yes,Yes,,,,
30,Community,janta vasahat ,Constructed,PMC/030/CTB/640,,Yes,user fee+CSR+grand fund,manual feedback,Yes,Yes,,,,
30,Community,mhasoba nagar,Constructed,PMC/030/CTB/641,,Yes,user fee+CSR+grand fund,manual feedback,Yes,Yes,,,,
31,Community,karve nagar,Constructed,PMC/031/CTB/642,,Yes,user fee+CSR+grand fund,manual feedback,Yes,Yes,,,,
31,Community,Vikas chawk ,Constructed,PMC/031/CTB/643,,Yes,user fee+CSR+grand fund,manual feedback,Yes,Yes,,,,
31,Community,number 1 karve nagar,Constructed,PMC/031/CTB/644,,Yes,user fee+CSR+grand fund,manual feedback,Yes,Yes,,,,
31,Community,kamana vasahat,Constructed,PMC/031/CTB/645,,Yes,user fee+CSR+grand fund,manual feedback,Yes,Yes,,,,
31,Community,malwadhi chawk,Constructed,PMC/031/CTB/646,,Yes,user fee+CSR+grand fund,manual feedback,Yes,Yes,,,,
31,Community,prabham 33,Constructed,PMC/031/CTB/647,,Yes,user fee+CSR+grand fund,manual feedback,Yes,Yes,,,,
31,Community,prabhak33,Constructed,PMC/031/CTB/648,,Yes,user fee+CSR+grand fund,manual feedback,Yes,Yes,,,,
32,Community,baradhe vasti,Constructed,PMC/032/CTB/649,,Yes,user fee+CSR+grand fund,manual feedback,Yes,Yes,,,,
32,Community,ram nagar,Constructed,PMC/032/CTB/650,,Yes,user fee+CSR+grand fund,manual feedback,Yes,Yes,,,,
32,Community,bapuji bua ,Constructed,PMC/032/CTB/651,,Yes,user fee+CSR+grand fund,manual feedback,Yes,Yes,,,,
32,Community,hanuman chawk,Constructed,PMC/032/CTB/652,,Yes,user fee+CSR+grand fund,manual feedback,Yes,Yes,,,,
32,Community,aayare vasti,Constructed,PMC/032/CTB/653,,Yes,user fee+CSR+grand fund,manual feedback,Yes,Yes,,,,
33,Community,wadgaon budruk,Constructed,PMC/033/CTB/654,,Yes,user fee+CSR+grand fund,manual feedback,Yes,Yes,,,,
33,Community,kannad zopadpatti,Constructed,PMC/033/CTB/655,,Yes,user fee+CSR+grand fund,manual feedback,Yes,Yes,,,,
34,Community,nirajan park,Constructed,PMC/034/CTB/656,,Yes,user fee+CSR+grand fund,manual feedback,Yes,Yes,,,,
34,Community,mahdav nagar gao,Constructed,PMC/034/CTB/657,,Yes,user fee+CSR+grand fund,manual feedback,Yes,Yes,,,,
34,Community,sinhgad road,Constructed,PMC/034/CTB/658,,Yes,user fee+CSR+grand fund,manual feedback,Yes,Yes,,,,
34,Community,vitthal wadi,Constructed,PMC/034/CTB/659,,Yes,user fee+CSR+grand fund,manual feedback,Yes,Yes,,,,
34,Community,Tukai nagar,Constructed,PMC/034/CTB/660,,Yes,user fee+CSR+grand fund,manual feedback,Yes,Yes,,,,
34,Community,sai nagar,Constructed,PMC/034/CTB/661,,Yes,user fee+CSR+grand fund,manual feedback,Yes,Yes,,,,
34,Community,chunabhati,Constructed,PMC/034/CTB/662,,Yes,user fee+CSR+grand fund,manual feedback,Yes,Yes,,,,
34,Community,ram nagar,Constructed,PMC/034/CTB/663,,Yes,user fee+CSR+grand fund,manual feedback,Yes,Yes,,,,
34,Community,Hannah sathe,Constructed,PMC/034/CTB/664,,Yes,user fee+CSR+grand fund,manual feedback,Yes,Yes,,,,
35,Community,1415 shankar maharaj wasab,Constructed,PMC/035/CTB/665,,Yes,user fee+CSR+grand fund,manual feedback,Yes,Yes,,,,
35,Community,1415 shankar maharaj wasab,Constructed,PMC/035/CTB/666,,Yes,user fee+CSR+grand fund,manual feedback,Yes,Yes,,,,
35,Community,1415 shankar maharaj wasad,Constructed,PMC/035/CTB/667,,Yes,user fee+CSR+grand fund,manual feedback,Yes,Yes,,,,
35,Community,1415 shankar naharah wasad,Constructed,PMC/035/CTB/668,,Yes,user fee+CSR+grand fund,manual feedback,Yes,Yes,,,,
35,Community,1415 shankar maharaj wasad,Constructed,PMC/035/CTB/669,,Yes,user fee+CSR+grand fund,manual feedback,Yes,Yes,,,,
35,Community,1415 shankar maharaj wasad ,Constructed,PMC/035/CTB/670,,Yes,user fee+CSR+grand fund,manual feedback,Yes,Yes,,,,
35,Community,shankar maharaj vasahat,Constructed,PMC/035/CTB/671,,Yes,user fee+CSR+grand fund,manual feedback,Yes,Yes,,,,
35,Community,shankar maharaj vasahat,Constructed,PMC/035/CTB/672,,Yes,user fee+CSR+grand fund,manual feedback,Yes,Yes,,,,
35,Community,shramic vasahat,Constructed,PMC/035/CTB/673,,Yes,user fee+CSR+grand fund,manual feedback,Yes,Yes,,,,
35,Community,raju gandhi vasahat,Constructed,PMC/035/CTB/674,,Yes,user fee+CSR+grand fund,manual feedback,Yes,Yes,,,,
35,Community,panchal vasti,Constructed,PMC/035/CTB/675,,Yes,user fee+CSR+grand fund,manual feedback,Yes,Yes,,,,
35,Community,Samadhan bhel zopad patti,Constructed,PMC/035/CTB/676,,Yes,user fee+CSR+grand fund,manual feedback,Yes,Yes,,,,
35,Community,Parvati darshan,Constructed,PMC/035/CTB/677,,Yes,user fee+CSR+grand fund,manual feedback,Yes,Yes,,,,
35,Community,Parvati Darshan,Constructed,PMC/035/CTB/678,,Yes,user fee+CSR+grand fund,manual feedback,Yes,Yes,,,,
35,Community,Parvati Darshan,Constructed,PMC/035/CTB/679,,Yes,user fee+CSR+grand fund,manual feedback,Yes,Yes,,,,
35,Community,Parvati Darshan,Constructed,PMC/035/CTB/680,,Yes,user fee+CSR+grand fund,manual feedback,Yes,Yes,,,,
35,Community,Parvati Darshan,Constructed,PMC/035/CTB/681,,Yes,user fee+CSR+grand fund,manual feedback,Yes,Yes,,,,
35,Community,Parvati darshan,Constructed,PMC/035/CTB/682,,Yes,user fee+CSR+grand fund,manual feedback,Yes,Yes,,,,
35,Community,Parvati Darshan,Constructed,PMC/035/CTB/683,,Yes,user fee+CSR+grand fund,manual feedback,Yes,Yes,,,,
35,Community,Parvati darshan,Constructed,PMC/035/CTB/684,,Yes,user fee+CSR+grand fund,manual feedback,Yes,Yes,,,,
35,Community,Parvati darshan,Constructed,PMC/035/CTB/685,,Yes,user fee+CSR+grand fund,manual feedback,Yes,Yes,,,,
35,Community,Parvati darshan,Constructed,PMC/035/CTB/686,,Yes,user fee+CSR+grand fund,manual feedback,Yes,Yes,,,,
35,Community,Parvati Darshan,Constructed,PMC/035/CTB/687,,Yes,user fee+CSR+grand fund,manual feedback,Yes,Yes,,,,
35,Community,Parvati Darshan,Constructed,PMC/035/CTB/688,,Yes,user fee+CSR+grand fund,manual feedback,Yes,Yes,,,,
35,Community,Parvati Darshan,Constructed,PMC/035/CTB/689,,Yes,user fee+CSR+grand fund,manual feedback,Yes,Yes,,,,
35,Community,Parvati darshan,Constructed,PMC/035/CTB/690,,Yes,user fee+CSR+grand fund,manual feedback,Yes,Yes,,,,
35,Community,Parvati Darshan,Constructed,PMC/035/CTB/691,,Yes,user fee+CSR+grand fund,manual feedback,Yes,Yes,,,,
35,Community,Parvati Darshan,Constructed,PMC/035/CTB/692,,Yes,user fee+CSR+grand fund,manual feedback,Yes,Yes,,,,
35,Community,Parvati darshan,Constructed,PMC/035/CTB/693,,Yes,user fee+CSR+grand fund,manual feedback,Yes,Yes,,,,
35,Community,Parvati Darshan,Constructed,PMC/035/CTB/694,,Yes,user fee+CSR+grand fund,manual feedback,Yes,Yes,,,,
35,Community,Parvati darshan,Constructed,PMC/035/CTB/695,,Yes,user fee+CSR+grand fund,manual feedback,Yes,Yes,,,,
35,Community,Parvati Darshan,Constructed,PMC/035/CTB/696,,Yes,user fee+CSR+grand fund,manual feedback,Yes,Yes,,,,
35,Community,Parvati darshan,Constructed,PMC/035/CTB/697,,Yes,user fee+CSR+grand fund,manual feedback,Yes,Yes,,,,
35,Community,Parvati Darshan,Constructed,PMC/035/CTB/698,,Yes,user fee+CSR+grand fund,manual feedback,Yes,Yes,,,,
35,Community,Parvati darshan,Constructed,PMC/035/CTB/699,,Yes,user fee+CSR+grand fund,manual feedback,Yes,Yes,,,,
35,Community,Parvati darshan,Constructed,PMC/035/CTB/700,,Yes,user fee+CSR+grand fund,manual feedback,Yes,Yes,,,,
35,Community,Parvati darshan ,Constructed,PMC/035/CTB/701,,Yes,user fee+CSR+grand fund,manual feedback,Yes,Yes,,,,
35,Community,Parvati darshan,Constructed,PMC/035/CTB/702,,Yes,user fee+CSR+grand fund,manual feedback,Yes,Yes,,,,
35,Community,Parvati darshan,Constructed,PMC/035/CTB/703,,Yes,user fee+CSR+grand fund,manual feedback,Yes,Yes,,,,
35,Community,Parvati darshan,Constructed,PMC/035/CTB/704,,Yes,user fee+CSR+grand fund,manual feedback,Yes,Yes,,,,
35,Community,Parvati darshan,Constructed,PMC/035/CTB/705,,Yes,user fee+CSR+grand fund,manual feedback,Yes,Yes,,,,
35,Community,Parvati gaon,Constructed,PMC/035/CTB/706,,Yes,user fee+CSR+grand fund,manual feedback,Yes,Yes,,,,
35,Community,Parvati Gavthan,Constructed,PMC/035/CTB/707,,Yes,user fee+CSR+grand fund,manual feedback,Yes,Yes,,,,
35,Community,Ambedkar vasahat,Constructed,PMC/035/CTB/708,,Yes,user fee+CSR+grand fund,manual feedback,Yes,Yes,,,,
35,Community,parvati darshan,Constructed,PMC/035/CTB/709,,Yes,user fee+CSR+grand fund,manual feedback,Yes,Yes,,,,
35,Community,Parvati darshan,Constructed,PMC/035/CTB/710,,Yes,user fee+CSR+grand fund,manual feedback,Yes,Yes,,,,
35,Community,parvati darshan,Constructed,PMC/035/CTB/711,,Yes,user fee+CSR+grand fund,manual feedback,Yes,Yes,,,,
35,Community,parvati darshan,Constructed,PMC/035/CTB/712,,Yes,user fee+CSR+grand fund,manual feedback,Yes,Yes,,,,
35,Community,Parvati darshan,Constructed,PMC/035/CTB/713,,Yes,user fee+CSR+grand fund,manual feedback,Yes,Yes,,,,
35,Community,Parvati darshan,Constructed,PMC/035/CTB/714,,Yes,user fee+CSR+grand fund,manual feedback,Yes,Yes,,,,
35,Community,Parvati darshan,Constructed,PMC/035/CTB/715,,Yes,user fee+CSR+grand fund,manual feedback,Yes,Yes,,,,
35,Community,Parvati darshan,Constructed,PMC/035/CTB/716,,Yes,user fee+CSR+grand fund,manual feedback,Yes,Yes,,,,
35,Community,Parvati darshan,Constructed,PMC/035/CTB/717,,Yes,user fee+CSR+grand fund,manual feedback,Yes,Yes,,,,
35,Community,Parvati darshan vasahat,Constructed,PMC/035/CTB/718,,Yes,user fee+CSR+grand fund,manual feedback,Yes,Yes,,,,
35,Community,Parvati darshan,Constructed,PMC/035/CTB/719,,Yes,user fee+CSR+grand fund,manual feedback,Yes,Yes,,,,
35,Community,shahu vasahat,Constructed,PMC/035/CTB/720,,Yes,user fee+CSR+grand fund,manual feedback,Yes,Yes,,,,
35,Community,Shahu vasahat,Constructed,PMC/035/CTB/721,,Yes,user fee+CSR+grand fund,manual feedback,Yes,Yes,,,,
35,Community,Taljai vasahat,Constructed,PMC/035/CTB/722,,Yes,user fee+CSR+grand fund,manual feedback,Yes,Yes,,,,
35,Community,shahu vasahat,Constructed,PMC/035/CTB/723,,Yes,user fee+CSR+grand fund,manual feedback,Yes,Yes,,,,
35,Community,Taljai vasti,Constructed,PMC/035/CTB/724,,Yes,user fee+CSR+grand fund,manual feedback,Yes,Yes,,,,
35,Community,Shahu vasahat,Constructed,PMC/035/CTB/725,,Yes,user fee+CSR+grand fund,manual feedback,Yes,Yes,,,,
35,Community,Taljai vasahat,Constructed,PMC/035/CTB/726,,Yes,user fee+CSR+grand fund,manual feedback,Yes,Yes,,,,
35,Community,Taljai vasti,Constructed,PMC/035/CTB/727,,Yes,user fee+CSR+grand fund,manual feedback,Yes,Yes,,,,
35,Community,Shahu vasahat,Constructed,PMC/035/CTB/728,,Yes,user fee+CSR+grand fund,manual feedback,Yes,Yes,,,,
35,Community,Shahu vasahat,Constructed,PMC/035/CTB/729,,Yes,user fee+CSR+grand fund,manual feedback,Yes,Yes,,,,
35,Community,Annabhau sathe vasahat,Constructed,PMC/035/CTB/730,,Yes,user fee+CSR+grand fund,manual feedback,Yes,Yes,,,,
35,Community,Ambedkar vasti,Constructed,PMC/035/CTB/731,,Yes,user fee+CSR+grand fund,manual feedback,Yes,Yes,,,,
35,Community,Taljai vasahat,Constructed,PMC/035/CTB/732,,Yes,user fee+CSR+grand fund,manual feedback,Yes,Yes,,,,
35,Community,Taljai vasahat,Constructed,PMC/035/CTB/733,,Yes,user fee+CSR+grand fund,manual feedback,Yes,Yes,,,,
35,Community,Tailjai vasti,Constructed,PMC/035/CTB/734,,Yes,user fee+CSR+grand fund,manual feedback,Yes,Yes,,,,
35,Community,Taljai vasti,Constructed,PMC/035/CTB/735,,Yes,user fee+CSR+grand fund,manual feedback,Yes,Yes,,,,
35,Community,Taljai vasti,Constructed,PMC/035/CTB/736,,Yes,user fee+CSR+grand fund,manual feedback,Yes,Yes,,,,
35,Community,Taljai vasti,Constructed,PMC/035/CTB/737,,Yes,user fee+CSR+grand fund,manual feedback,Yes,Yes,,,,
35,Community,Taljai vasahat,Constructed,PMC/035/CTB/738,,Yes,user fee+CSR+grand fund,manual feedback,Yes,Yes,,,,
35,Community,Taljai vasahat,Constructed,PMC/035/CTB/739,,Yes,user fee+CSR+grand fund,manual feedback,Yes,Yes,,,,
35,Community,Taljai Vasti,Constructed,PMC/035/CTB/740,,Yes,user fee+CSR+grand fund,manual feedback,Yes,Yes,,,,
35,Community,Taljai vasti,Constructed,PMC/035/CTB/741,,Yes,user fee+CSR+grand fund,manual feedback,Yes,Yes,,,,
35,Community,Taware colony,Constructed,PMC/035/CTB/742,,Yes,user fee+CSR+grand fund,manual feedback,Yes,Yes,,,,
35,Community,Taware colony,Constructed,PMC/035/CTB/743,,Yes,user fee+CSR+grand fund,manual feedback,Yes,Yes,,,,
35,Community,Taware colony,Constructed,PMC/035/CTB/744,,Yes,user fee+CSR+grand fund,manual feedback,Yes,Yes,,,,
35,Community,Sanjay Nagar vasahat,Constructed,PMC/035/CTB/745,,Yes,user fee+CSR+grand fund,manual feedback,Yes,Yes,,,,
35,Community,Gavaliwada,Constructed,PMC/035/CTB/746,,Yes,user fee+CSR+grand fund,manual feedback,Yes,Yes,,,,
35,Community,Shivdarshan vasahat,Constructed,PMC/035/CTB/747,,Yes,user fee+CSR+grand fund,manual feedback,Yes,Yes,,,,
35,Community,Shivdarshan vasahat,Constructed,PMC/035/CTB/748,,Yes,user fee+CSR+grand fund,manual feedback,Yes,Yes,,,,
35,Community,Shivdarshan vasahat 17,Constructed,PMC/035/CTB/749,,Yes,user fee+CSR+grand fund,manual feedback,Yes,Yes,,,,
35,Community,Shivdarshan vasahat,Constructed,PMC/035/CTB/750,,Yes,user fee+CSR+grand fund,manual feedback,Yes,Yes,,,,
35,Community,Shivdarshan vasti,Constructed,PMC/035/CTB/751,,Yes,user fee+CSR+grand fund,manual feedback,Yes,Yes,,,,
35,Community,Shivdarshan vasti,Constructed,PMC/035/CTB/752,,Yes,user fee+CSR+grand fund,manual feedback,Yes,Yes,,,,
35,Community,Tangewala chawl,Constructed,PMC/035/CTB/753,,Yes,user fee+CSR+grand fund,manual feedback,Yes,Yes,,,,
35,Community,More Vasti,Constructed,PMC/035/CTB/754,,Yes,user fee+CSR+grand fund,manual feedback,Yes,Yes,,,,
35,Community,More Vasti,Constructed,PMC/035/CTB/755,,Yes,user fee+CSR+grand fund,manual feedback,Yes,Yes,,,,
35,Community,Padmavati vasahat,Constructed,PMC/035/CTB/756,,Yes,user fee+CSR+grand fund,manual feedback,Yes,Yes,,,,
35,Community,Janseva vasahat,Constructed,PMC/035/CTB/757,,Yes,user fee+CSR+grand fund,manual feedback,Yes,Yes,,,,
35,Community,Navjeevan vasahat,Constructed,PMC/035/CTB/758,,Yes,user fee+CSR+grand fund,manual feedback,Yes,Yes,,,,
35,Community,Mogal vasaht,Constructed,PMC/035/CTB/759,,Yes,user fee+CSR+grand fund,manual feedback,Yes,Yes,,,,
35,Community,Mogal vasahat,Constructed,PMC/035/CTB/760,,Yes,user fee+CSR+grand fund,manual feedback,Yes,Yes,,,,
35,Community,Jay malhar vasti,Constructed,PMC/035/CTB/761,,Yes,user fee+CSR+grand fund,manual feedback,Yes,Yes,,,,
35,Community,Jay malhar vasahat,Constructed,PMC/035/CTB/762,,Yes,user fee+CSR+grand fund,manual feedback,Yes,Yes,,,,
35,Community,Annabhau sathe,Constructed,PMC/035/CTB/763,,Yes,user fee+CSR+grand fund,manual feedback,Yes,Yes,,,,
35,Community,Annabahu sathe,Constructed,PMC/035/CTB/764,,Yes,user fee+CSR+grand fund,manual feedback,Yes,Yes,,,,
36,Community,bibvewadi road poonam high,Constructed,PMC/036/CTB/765,,Yes,user fee+CSR+grand fund,manual feedback,Yes,Yes,,,,
36,Community,bibvewsdi ota,Constructed,PMC/036/CTB/766,,Yes,user fee+CSR+grand fund,manual feedback,Yes,Yes,,,,
36,Community,bibvewadi ota,Constructed,PMC/036/CTB/767,,Yes,user fee+CSR+grand fund,manual feedback,Yes,Yes,,,,
36,Community,bibvewadi ota,Constructed,PMC/036/CTB/768,,Yes,user fee+CSR+grand fund,manual feedback,Yes,Yes,,,,
36,Community,bibvewadi ota ,Constructed,PMC/036/CTB/769,,Yes,user fee+CSR+grand fund,manual feedback,Yes,Yes,,,,
36,Community,bibvewadi ota ,Constructed,PMC/036/CTB/770,,Yes,user fee+CSR+grand fund,manual feedback,Yes,Yes,,,,
36,Community,bibvewadi ota,Constructed,PMC/036/CTB/771,,Yes,user fee+CSR+grand fund,manual feedback,Yes,Yes,,,,
36,Community,ota,Constructed,PMC/036/CTB/772,,Yes,user fee+CSR+grand fund,manual feedback,Yes,Yes,,,,
36,Community,bibvewadi ota,Constructed,PMC/036/CTB/773,,Yes,user fee+CSR+grand fund,manual feedback,Yes,Yes,,,,
36,Community,692 prem bagar ,Constructed,PMC/036/CTB/774,,Yes,user fee+CSR+grand fund,manual feedback,Yes,Yes,,,,
36,Community,692   prem nagar ,Constructed,PMC/036/CTB/775,,Yes,user fee+CSR+grand fund,manual feedback,Yes,Yes,,,,
36,Community,692 prem nagar market yad,Constructed,PMC/036/CTB/776,,Yes,user fee+CSR+grand fund,manual feedback,Yes,Yes,,,,
36,Community,692 premnagar,Constructed,PMC/036/CTB/777,,Yes,user fee+CSR+grand fund,manual feedback,Yes,Yes,,,,
36,Community,570 ambetkar nagar ,Constructed,PMC/036/CTB/778,,Yes,user fee+CSR+grand fund,manual feedback,Yes,Yes,,,,
36,Community,570 ambetkar nagar,Constructed,PMC/036/CTB/779,,Yes,user fee+CSR+grand fund,manual feedback,Yes,Yes,,,,
36,Community,580 ambetkar nagar,Constructed,PMC/036/CTB/780,,Yes,user fee+CSR+grand fund,manual feedback,Yes,Yes,,,,
36,Community,bhimdip vasat,Constructed,PMC/036/CTB/781,,Yes,user fee+CSR+grand fund,manual feedback,Yes,Yes,,,,
36,Community,kumbhar vasti,Constructed,PMC/036/CTB/782,,Yes,user fee+CSR+grand fund,manual feedback,Yes,Yes,,,,
36,Community,k.k. marker,Constructed,PMC/036/CTB/783,,Yes,user fee+CSR+grand fund,manual feedback,Yes,Yes,,,,
36,Community,70 panchasil wasahat,Constructed,PMC/036/CTB/784,,Yes,user fee+CSR+grand fund,manual feedback,Yes,Yes,,,,
36,Community,70 bibvewadi papad vasti,Constructed,PMC/036/CTB/785,,Yes,user fee+CSR+grand fund,manual feedback,Yes,Yes,,,,
36,Community,70 bibvewsdi gawtan,Constructed,PMC/036/CTB/786,,Yes,user fee+CSR+grand fund,manual feedback,Yes,Yes,,,,
36,Community,70 bibvewadi gawtan,Constructed,PMC/036/CTB/787,,Yes,user fee+CSR+grand fund,manual feedback,Yes,Yes,,,,
36,Community,16 bibvewsdi gawtan,Constructed,PMC/036/CTB/788,,Yes,user fee+CSR+grand fund,manual feedback,Yes,Yes,,,,
36,Community,shanti nagar,Constructed,PMC/036/CTB/789,,Yes,user fee+CSR+grand fund,manual feedback,Yes,Yes,,,,
38,Community,chaitrbhan vasti,Constructed,PMC/038/CTB/790,,Yes,user fee+CSR+grand fund,manual feedback,Yes,Yes,,,,
38,Community,chaitrbhan vasti,Constructed,PMC/038/CTB/791,,Yes,user fee+CSR+grand fund,manual feedback,Yes,Yes,,,,
38,Community,shetrban vasahat,Constructed,PMC/038/CTB/792,,Yes,user fee+CSR+grand fund,manual feedback,Yes,Yes,,,,
40,Community,katraj new vasahat,Constructed,PMC/040/CTB/793,,Yes,user fee+CSR+grand fund,manual feedback,Yes,Yes,,,,
40,Community,new katraj vasahat,Constructed,PMC/040/CTB/794,,Yes,user fee+CSR+grand fund,manual feedback,Yes,Yes,,,,
40,Community,katraj new vasahat,Constructed,PMC/040/CTB/795,,Yes,user fee+CSR+grand fund,manual feedback,Yes,Yes,,,,
40,Community,katraj ,Constructed,PMC/040/CTB/796,,Yes,user fee+CSR+grand fund,manual feedback,Yes,Yes,,,,
